,date,value
0,2012-04-01,32.8
1,2012-04-02,32.8
2,2012-04-03,32.8
3,2012-04-04,32.8
4,2012-04-05,32.8
5,2012-04-06,32.8
6,2012-04-07,32.8
7,2012-04-08,32.8
8,2012-04-09,32.8
9,2012-04-10,32.8
10,2012-04-11,32.82
11,2012-04-12,32.82
12,2012-04-13,32.82
13,2012-04-14,32.82
14,2012-04-15,32.82
15,2012-04-16,32.82
16,2012-04-17,32.82
17,2012-04-18,32.82
18,2012-04-19,32.82
19,2012-04-20,32.82
20,2012-04-21,32.82
21,2012-04-22,32.82
22,2012-04-23,32.82
23,2012-04-24,32.82
24,2012-04-25,32.82
25,2012-04-26,32.82
26,2012-04-27,32.82
27,2012-04-28,32.82
28,2012-04-29,32.82
29,2012-04-30,32.82
30,2012-05-01,32.82
31,2012-05-02,32.82
32,2012-05-03,32.82
33,2012-05-04,32.82
34,2012-05-05,32.82
35,2012-05-06,32.82
36,2012-05-07,32.82
37,2012-05-08,32.82
38,2012-05-09,32.82
39,2012-05-10,32.82
40,2012-05-11,32.82
41,2012-05-12,32.82
42,2012-05-13,32.82
43,2012-05-14,32.82
44,2012-05-15,32.82
45,2012-05-16,32.82
46,2012-05-17,32.82
47,2012-05-18,32.82
48,2012-05-19,32.82
49,2012-05-20,32.82
50,2012-05-21,32.82
51,2012-05-22,32.82
52,2012-05-23,32.86
53,2012-05-24,32.86
54,2012-05-25,32.86
55,2012-05-26,32.86
56,2012-05-27,32.86
57,2012-05-28,32.86
58,2012-05-29,32.86
59,2012-05-30,32.86
60,2012-05-31,32.86
61,2012-06-01,32.86
62,2012-06-02,32.86
63,2012-06-03,32.86
64,2012-06-04,32.86
65,2012-06-05,32.86
66,2012-06-06,32.86
67,2012-06-07,32.86
68,2012-06-08,32.86
69,2012-06-09,32.86
70,2012-06-10,32.86
71,2012-06-11,32.86
72,2012-06-12,32.86
73,2012-06-13,32.84
74,2012-06-14,32.84
75,2012-06-15,32.84
76,2012-06-16,32.84
77,2012-06-17,32.84
78,2012-06-18,32.84
79,2012-06-19,32.84
80,2012-06-20,32.84
81,2012-06-21,32.84
82,2012-06-22,32.84
83,2012-06-23,32.84
84,2012-06-24,32.84
85,2012-06-25,32.86
86,2012-06-26,32.86
87,2012-06-27,32.86
88,2012-06-28,32.86
89,2012-06-29,32.86
90,2012-06-30,32.85
91,2012-07-01,32.84
92,2012-07-02,32.84
93,2012-07-03,32.82
94,2012-07-04,32.85
95,2012-07-05,32.89
96,2012-07-06,32.89
97,2012-07-07,32.89
98,2012-07-08,32.91
99,2012-07-09,32.9
100,2012-07-10,32.89
101,2012-07-11,32.89
102,2012-07-12,32.89
103,2012-07-13,32.91
104,2012-07-14,32.9
105,2012-07-15,32.9
106,2012-07-16,32.89
107,2012-07-17,32.89
108,2012-07-18,32.89
109,2012-07-19,32.88
110,2012-07-20,32.87
111,2012-07-21,32.86
112,2012-07-22,32.86
113,2012-07-23,32.85
114,2012-07-24,32.79
115,2012-07-25,32.78
116,2012-07-26,32.79
117,2012-07-27,32.79
118,2012-07-28,32.88
119,2012-07-29,32.86
120,2012-07-30,32.86
121,2012-07-31,32.86
122,2012-08-01,32.85
123,2012-08-02,32.84
124,2012-08-03,32.82
125,2012-08-04,32.82
126,2012-08-05,32.82
127,2012-08-06,32.81
128,2012-08-07,32.81
129,2012-08-08,32.81
130,2012-08-09,32.8
131,2012-08-10,32.8
132,2012-08-11,32.78
133,2012-08-12,32.77
134,2012-08-13,32.77
135,2012-08-14,32.78
136,2012-08-15,32.77
137,2012-08-16,32.76
138,2012-08-17,32.76
139,2012-08-18,32.75
140,2012-08-19,32.75
141,2012-08-20,32.74
142,2012-08-21,32.75
143,2012-08-22,32.74
144,2012-08-23,32.74
145,2012-08-24,32.74
146,2012-08-25,32.74
147,2012-08-26,32.72
148,2012-08-27,32.73
149,2012-08-28,32.72
150,2012-08-29,32.72
151,2012-08-30,32.7
152,2012-08-31,32.7
153,2012-09-01,32.7
154,2012-09-02,32.7
155,2012-09-03,32.7
156,2012-09-04,32.72
157,2012-09-05,32.7
158,2012-09-06,32.7
159,2012-09-07,32.68
160,2012-09-08,32.68
161,2012-09-09,32.69
162,2012-09-10,32.68
163,2012-09-11,32.68
164,2012-09-12,32.69
165,2012-09-13,32.69
166,2012-09-14,32.69
167,2012-09-15,32.69
168,2012-09-16,32.69
169,2012-09-17,32.69
170,2012-09-18,32.69
171,2012-09-19,32.68
172,2012-09-20,32.68
173,2012-09-21,32.68
174,2012-09-22,32.67
175,2012-09-23,32.68
176,2012-09-24,32.68
177,2012-09-25,32.68
178,2012-09-26,32.68
179,2012-09-27,32.68
180,2012-09-28,32.68
181,2012-09-29,32.68
182,2012-09-30,32.68
183,2012-10-01,32.68
184,2012-10-02,32.68
185,2012-10-03,32.72
186,2012-10-04,32.73
187,2012-10-05,32.73
188,2012-10-06,32.73
189,2012-10-07,32.73
190,2012-10-08,32.74
191,2012-10-09,32.74
192,2012-10-10,32.75
193,2012-10-11,32.75
194,2012-10-12,32.75
195,2012-10-13,32.77
196,2012-10-14,32.77
197,2012-10-15,32.77
198,2012-10-16,32.77
199,2012-10-17,32.77
200,2012-10-18,32.77
201,2012-10-19,32.77
202,2012-10-20,32.77
203,2012-10-21,32.77
204,2012-10-22,32.77
205,2012-10-23,32.77
206,2012-10-24,32.77
207,2012-10-25,32.76
208,2012-10-26,32.76
209,2012-10-27,32.75
210,2012-10-28,32.74
211,2012-10-29,32.75
212,2012-10-30,32.75
213,2012-10-31,32.76
214,2012-11-01,32.76
215,2012-11-02,32.76
216,2012-11-03,32.77
217,2012-11-04,32.77
218,2012-11-05,32.76
219,2012-11-06,32.76
220,2012-11-07,32.76
221,2012-11-08,32.76
222,2012-11-09,32.77
223,2012-11-10,32.77
224,2012-11-11,32.76
225,2012-11-12,32.76
226,2012-11-13,32.76
227,2012-11-14,32.76
228,2012-11-15,32.76
229,2012-11-16,32.76
230,2012-11-17,32.76
231,2012-11-18,32.77
232,2012-11-19,32.77
233,2012-11-20,32.77
234,2012-11-21,32.77
235,2012-11-22,32.77
236,2012-11-23,32.77
237,2012-11-24,32.78
238,2012-11-25,32.78
239,2012-11-26,32.78
240,2012-11-27,32.77
241,2012-11-28,32.77
242,2012-11-29,32.77
243,2012-11-30,32.77
244,2012-12-01,32.77
245,2012-12-02,32.77
246,2012-12-03,32.77
247,2012-12-04,32.79
248,2012-12-05,32.79
249,2012-12-06,32.78
250,2012-12-07,32.81
251,2012-12-08,32.81
252,2012-12-09,32.81
253,2012-12-10,32.81
254,2012-12-11,32.8
255,2012-12-12,32.8
256,2012-12-13,32.8
257,2012-12-14,32.81
258,2012-12-15,32.81
259,2012-12-16,32.81
260,2012-12-17,32.81
261,2012-12-18,32.8
262,2012-12-19,32.79
263,2012-12-20,32.81
264,2012-12-21,32.81
265,2012-12-22,32.82
266,2012-12-23,32.86
267,2012-12-24,32.85
268,2012-12-25,32.85
269,2012-12-26,32.85
270,2012-12-27,32.85
271,2012-12-28,32.85
272,2012-12-29,32.85
273,2012-12-30,32.84
274,2012-12-31,32.83
275,2013-01-01,32.84
276,2013-01-02,32.84
277,2013-01-03,32.83
278,2013-01-04,32.84
279,2013-01-05,32.84
280,2013-01-06,32.84
281,2013-01-07,32.84
282,2013-01-08,32.83
283,2013-01-09,32.84
284,2013-01-10,32.84
285,2013-01-11,32.84
286,2013-01-12,32.84
287,2013-01-13,32.84
288,2013-01-14,32.84
289,2013-01-15,32.84
290,2013-01-16,32.84
291,2013-01-17,32.84
292,2013-01-18,32.85
293,2013-01-19,32.84
294,2013-01-20,32.85
295,2013-01-21,32.83
296,2013-01-22,32.83
297,2013-01-23,32.83
298,2013-01-24,32.83
299,2013-01-25,32.83
300,2013-01-26,32.83
301,2013-01-27,32.83
302,2013-01-28,32.85
303,2013-01-29,32.86
304,2013-01-30,32.87
305,2013-01-31,32.87
306,2013-02-01,32.88
307,2013-02-02,32.88
308,2013-02-03,32.88
309,2013-02-04,32.89
310,2013-02-05,32.88
311,2013-02-06,32.88
312,2013-02-07,32.88
313,2013-02-08,32.89
314,2013-02-09,32.89
315,2013-02-10,32.9
316,2013-02-11,32.92
317,2013-02-12,32.9
318,2013-02-13,32.89
319,2013-02-14,32.91
320,2013-02-15,32.9
321,2013-02-16,32.9
322,2013-02-17,32.9
323,2013-02-18,32.9
324,2013-02-19,32.9
325,2013-02-20,32.9
326,2013-02-21,32.9
327,2013-02-22,32.9
328,2013-02-23,32.9
329,2013-02-24,32.9
330,2013-02-25,32.89
331,2013-02-26,32.89
332,2013-02-27,32.89
333,2013-02-28,32.89
334,2013-03-01,32.9
335,2013-03-02,32.9
336,2013-03-03,32.9
337,2013-03-04,32.9
338,2013-03-05,32.9
339,2013-03-06,32.9
340,2013-03-07,32.9
341,2013-03-08,32.91
342,2013-03-09,32.9
343,2013-03-10,32.9
344,2013-03-11,32.9
345,2013-03-12,32.9
346,2013-03-13,32.89
347,2013-03-14,32.89
348,2013-03-15,32.9
349,2013-03-16,32.91
350,2013-03-17,32.93
351,2013-03-18,32.93
352,2013-03-19,32.92
353,2013-03-20,32.92
354,2013-03-21,32.94
355,2013-03-22,32.95
356,2013-03-23,32.94
357,2013-03-24,32.94
358,2013-03-25,32.94
359,2013-03-26,32.94
360,2013-03-27,32.94
361,2013-03-28,32.93
362,2013-03-29,32.94
363,2013-03-30,32.93
364,2013-03-31,32.93
365,2013-04-01,32.93
366,2013-04-02,32.92
367,2013-04-03,32.92
368,2013-04-04,32.92
369,2013-04-05,32.91
370,2013-04-06,32.9
371,2013-04-07,32.91
372,2013-04-08,32.91
373,2013-04-09,32.92
374,2013-04-10,32.93
375,2013-04-11,32.93
376,2013-04-12,32.93
377,2013-04-13,32.92
378,2013-04-14,32.93
379,2013-04-15,32.92
380,2013-04-16,32.92
381,2013-04-17,32.92
382,2013-04-18,32.92
383,2013-04-19,32.9
384,2013-04-20,32.9
385,2013-04-21,32.91
386,2013-04-22,32.91
387,2013-04-23,32.9
388,2013-04-24,32.9
389,2013-04-25,32.9
390,2013-04-26,32.91
391,2013-04-27,32.9
392,2013-04-28,32.9
393,2013-04-29,32.9
394,2013-04-30,32.89
395,2013-05-01,32.91
396,2013-05-02,32.91
397,2013-05-03,32.91
398,2013-05-04,32.9
399,2013-05-05,32.9
400,2013-05-06,32.9
401,2013-05-07,32.9
402,2013-05-08,32.89
403,2013-05-09,32.9
404,2013-05-10,32.89
405,2013-05-11,32.89
406,2013-05-12,32.89
407,2013-05-13,32.88
408,2013-05-14,32.89
409,2013-05-15,32.89
410,2013-05-16,32.89
411,2013-05-17,32.88
412,2013-05-18,32.88
413,2013-05-19,32.89
414,2013-05-20,32.91
415,2013-05-21,32.93
416,2013-05-22,32.92
417,2013-05-23,32.92
418,2013-05-24,32.93
419,2013-05-25,32.92
420,2013-05-26,32.92
421,2013-05-27,32.93
422,2013-05-28,32.93
423,2013-05-29,32.93
424,2013-05-30,32.93
425,2013-05-31,32.92
426,2013-06-01,32.93
427,2013-06-02,32.92
428,2013-06-03,32.92
429,2013-06-04,32.92
430,2013-06-05,32.91
431,2013-06-06,32.91
432,2013-06-07,32.9
433,2013-06-08,32.9
434,2013-06-09,32.9
435,2013-06-10,32.9
436,2013-06-11,32.88
437,2013-06-12,32.91
438,2013-06-13,32.92
439,2013-06-14,32.92
440,2013-06-15,32.92
441,2013-06-16,32.91
442,2013-06-17,32.92
443,2013-06-18,32.92
444,2013-06-19,32.95
445,2013-06-20,32.98
446,2013-06-21,32.98
447,2013-06-22,32.98
448,2013-06-23,32.98
449,2013-06-24,32.96
450,2013-06-25,32.95
451,2013-06-26,32.95
452,2013-06-27,32.95
453,2013-06-28,32.95
454,2013-06-29,32.94
455,2013-06-30,32.93
456,2013-07-01,32.93
457,2013-07-02,32.93
458,2013-07-03,32.92
459,2013-07-04,32.91
460,2013-07-05,32.9
461,2013-07-06,32.89
462,2013-07-07,32.88
463,2013-07-08,32.89
464,2013-07-09,32.88
465,2013-07-10,32.87
466,2013-07-11,32.87
467,2013-07-12,32.86
468,2013-07-13,32.86
469,2013-07-14,32.86
470,2013-07-15,32.85
471,2013-07-16,32.81
472,2013-07-17,32.79
473,2013-07-18,32.79
474,2013-07-19,32.8
475,2013-07-20,32.78
476,2013-07-21,32.77
477,2013-07-22,32.77
478,2013-07-23,32.77
479,2013-07-24,32.77
480,2013-07-25,32.77
481,2013-07-26,32.76
482,2013-07-27,32.84
483,2013-07-28,32.86
484,2013-07-29,32.86
485,2013-07-30,32.86
486,2013-07-31,32.86
487,2013-08-01,32.86
488,2013-08-02,32.82
489,2013-08-03,32.81
490,2013-08-04,32.81
491,2013-08-05,32.79
492,2013-08-06,32.79
493,2013-08-07,32.8
494,2013-08-08,32.81
495,2013-08-09,32.81
496,2013-08-10,32.81
497,2013-08-11,32.81
498,2013-08-12,32.8
499,2013-08-13,32.8
500,2013-08-14,32.79
501,2013-08-15,32.79
502,2013-08-16,32.78
503,2013-08-17,32.79
504,2013-08-18,32.79
505,2013-08-19,32.78
506,2013-08-20,32.78
507,2013-08-21,32.78
508,2013-08-22,32.79
509,2013-08-23,32.79
510,2013-08-24,32.79
511,2013-08-25,32.83
512,2013-08-26,32.83
513,2013-08-27,32.83
514,2013-08-28,32.82
515,2013-08-29,32.82
516,2013-08-30,32.82
517,2013-08-31,32.81
518,2013-09-01,32.81
519,2013-09-02,32.8
520,2013-09-03,32.8
521,2013-09-04,32.8
522,2013-09-05,32.79
523,2013-09-06,32.79
524,2013-09-07,32.8
525,2013-09-08,32.79
526,2013-09-09,32.79
527,2013-09-10,32.81
528,2013-09-11,32.81
529,2013-09-12,32.81
530,2013-09-13,32.81
531,2013-09-14,32.82
532,2013-09-15,32.82
533,2013-09-16,32.82
534,2013-09-17,32.82
535,2013-09-18,32.83
536,2013-09-19,32.85
537,2013-09-20,32.84
538,2013-09-21,32.83
539,2013-09-22,32.83
540,2013-09-23,32.84
541,2013-09-24,32.83
542,2013-09-25,32.83
543,2013-09-26,32.82
544,2013-09-27,32.83
545,2013-09-28,32.83
546,2013-09-29,32.83
547,2013-09-30,32.82
548,2013-10-01,32.82
549,2013-10-02,32.82
550,2013-10-03,32.82
551,2013-10-04,32.83
552,2013-10-05,32.82
553,2013-10-06,32.82
554,2013-10-07,32.82
555,2013-10-08,32.82
556,2013-10-09,32.82
557,2013-10-10,32.83
558,2013-10-11,32.83
559,2013-10-12,32.83
560,2013-10-13,32.83
561,2013-10-14,32.83
562,2013-10-15,32.84
563,2013-10-16,32.84
564,2013-10-17,32.84
565,2013-10-18,32.85
566,2013-10-19,32.84
567,2013-10-20,32.84
568,2013-10-21,32.84
569,2013-10-22,32.84
570,2013-10-23,32.84
571,2013-10-24,32.84
572,2013-10-25,32.84
573,2013-10-26,32.84
574,2013-10-27,32.84
575,2013-10-28,32.85
576,2013-10-29,32.84
577,2013-10-30,32.83
578,2013-10-31,32.84
579,2013-11-01,32.85
580,2013-11-02,32.86
581,2013-11-03,32.86
582,2013-11-04,32.88
583,2013-11-05,32.88
584,2013-11-06,32.87
585,2013-11-07,32.87
586,2013-11-08,32.89
587,2013-11-09,32.89
588,2013-11-10,32.9
589,2013-11-11,32.89
590,2013-11-12,32.89
591,2013-11-13,32.89
592,2013-11-14,32.89
593,2013-11-15,32.89
594,2013-11-16,32.88
595,2013-11-17,32.89
596,2013-11-18,32.89
597,2013-11-19,32.88
598,2013-11-20,32.89
599,2013-11-21,32.9
600,2013-11-22,32.89
601,2013-11-23,32.88
602,2013-11-24,32.88
603,2013-11-25,32.87
604,2013-11-26,32.87
605,2013-11-27,32.87
606,2013-11-28,32.87
607,2013-11-29,32.87
608,2013-11-30,32.87
609,2013-12-01,32.86
610,2013-12-02,32.87
611,2013-12-03,32.86
612,2013-12-04,32.86
613,2013-12-05,32.87
614,2013-12-06,32.86
615,2013-12-07,32.86
616,2013-12-08,32.86
617,2013-12-09,32.86
618,2013-12-10,32.85
619,2013-12-11,32.85
620,2013-12-12,32.85
621,2013-12-13,32.85
622,2013-12-14,32.85
623,2013-12-15,32.86
624,2013-12-16,32.86
625,2013-12-17,32.85
626,2013-12-18,32.86
627,2013-12-19,32.87
628,2013-12-20,32.86
629,2013-12-21,32.86
630,2013-12-22,32.86
631,2013-12-23,32.87
632,2013-12-24,32.89
633,2013-12-25,32.89
634,2013-12-26,32.88
635,2013-12-27,32.89
636,2013-12-28,32.91
637,2013-12-29,32.9
638,2013-12-30,32.9
639,2013-12-31,32.91
640,2014-01-01,32.91
641,2014-01-03,32.91
642,2014-01-04,32.92
643,2014-01-13,32.89
644,2014-01-21,32.88
645,2014-01-22,32.89
646,2014-01-23,32.89
647,2014-01-24,32.89
648,2014-01-25,32.89
649,2014-01-26,32.91
650,2014-01-27,32.91
651,2014-01-28,32.91
652,2014-01-29,32.91
653,2014-01-30,32.91
654,2014-01-31,32.91
655,2014-02-01,32.93
656,2014-02-02,32.92
657,2014-02-03,32.93
658,2014-02-04,32.93
659,2014-02-05,32.93
660,2014-02-06,32.93
661,2014-02-07,32.94
662,2014-02-08,32.94
663,2014-02-09,32.94
664,2014-02-11,32.93
665,2014-02-12,32.94
666,2014-02-13,32.95
667,2014-02-14,32.95
668,2014-02-15,32.94
669,2014-02-16,32.93
670,2014-02-17,32.93
671,2014-02-18,32.93
672,2014-02-19,32.92
673,2014-02-20,32.94
674,2014-02-21,32.93
675,2014-02-22,32.93
676,2014-02-23,32.93
677,2014-02-24,32.94
678,2014-02-25,32.93
679,2014-02-26,32.93
680,2014-02-27,32.94
681,2014-02-28,32.96
682,2014-03-01,32.96
683,2014-03-02,32.96
684,2014-03-03,32.97
685,2014-03-04,32.96
686,2014-03-05,32.95
687,2014-03-06,32.95
688,2014-03-07,32.95
689,2014-03-08,32.94
690,2014-03-09,32.94
691,2014-03-10,32.94
692,2014-03-11,32.93
693,2014-03-12,32.93
694,2014-03-13,32.93
695,2014-03-14,32.94
696,2014-03-15,32.93
697,2014-03-16,32.93
698,2014-03-17,32.93
699,2014-03-18,32.93
700,2014-03-19,32.93
701,2014-03-20,32.94
702,2014-03-21,32.93
703,2014-03-22,32.93
704,2014-03-23,32.92
705,2014-03-24,32.92
706,2014-03-25,32.93
707,2014-03-26,32.92
708,2014-03-27,32.91
709,2014-03-28,32.91
710,2014-03-29,32.91
711,2014-03-30,32.91
712,2014-03-31,32.91
713,2014-04-01,32.91
714,2014-04-02,32.91
715,2014-04-03,32.9
716,2014-04-04,32.89
717,2014-04-05,32.89
718,2014-04-06,32.89
719,2014-04-07,32.9
720,2014-04-08,32.89
721,2014-04-09,32.89
722,2014-04-10,32.89
723,2014-04-11,32.89
724,2014-04-12,32.89
725,2014-04-13,32.89
726,2014-04-14,32.89
727,2014-04-15,32.88
728,2014-04-16,32.88
729,2014-04-17,32.89
730,2014-04-18,32.88
731,2014-04-19,32.89
732,2014-04-20,32.89
733,2014-04-21,32.88
734,2014-04-22,32.88
735,2014-04-23,32.88
736,2014-04-24,32.88
737,2014-04-25,32.89
738,2014-04-26,32.9
739,2014-04-27,32.9
740,2014-04-28,32.9
741,2014-04-29,32.89
742,2014-04-30,32.89
743,2014-05-01,32.9
744,2014-05-02,32.9
745,2014-05-03,32.9
746,2014-05-04,32.9
747,2014-05-05,32.9
748,2014-05-06,32.9
749,2014-05-07,32.9
750,2014-05-08,32.9
751,2014-05-09,32.9
752,2014-05-10,32.92
753,2014-05-11,32.91
754,2014-05-12,32.92
755,2014-05-13,32.92
756,2014-05-14,32.91
757,2014-05-15,32.9
758,2014-05-16,32.9
759,2014-05-17,32.9
760,2014-05-18,32.9
761,2014-05-19,32.9
762,2014-05-20,32.9
763,2014-05-21,32.93
764,2014-05-22,32.94
765,2014-05-23,32.93
766,2014-05-24,32.92
767,2014-05-25,32.92
768,2014-05-26,32.94
769,2014-05-27,32.94
770,2014-05-28,32.93
771,2014-05-29,32.93
772,2014-05-30,32.93
773,2014-05-31,32.92
774,2014-06-01,32.91
775,2014-06-02,32.91
776,2014-06-03,32.92
777,2014-06-04,32.93
778,2014-06-05,32.94
779,2014-06-06,32.93
780,2014-06-07,32.92
781,2014-06-08,32.92
782,2014-06-09,32.96
783,2014-06-10,32.98
784,2014-06-11,32.97
785,2014-06-12,32.96
786,2014-06-13,32.95
787,2014-06-14,32.94
788,2014-06-15,32.93
789,2014-06-16,32.92
790,2014-06-17,32.92
791,2014-06-18,32.91
792,2014-06-19,32.91
793,2014-06-20,32.9
794,2014-06-21,32.89
795,2014-06-22,32.88
796,2014-06-23,32.88
797,2014-06-24,32.88
798,2014-06-25,32.87
799,2014-06-26,32.86
800,2014-06-27,32.86
801,2014-06-28,32.88
802,2014-06-29,32.89
803,2014-06-30,32.89
804,2014-07-01,32.89
805,2014-07-02,32.88
806,2014-07-03,32.87
807,2014-07-04,32.86
808,2014-07-05,32.87
809,2014-07-06,32.87
810,2014-07-07,32.88
811,2014-07-08,32.87
812,2014-07-09,32.89
813,2014-07-10,32.91
814,2014-07-11,32.97
815,2014-07-12,32.97
816,2014-07-13,32.97
817,2014-07-14,32.97
818,2014-07-15,32.95
819,2014-07-16,32.95
820,2014-07-17,32.94
821,2014-07-18,32.93
822,2014-07-19,32.92
823,2014-07-20,32.92
824,2014-07-21,32.92
825,2014-07-22,32.92
826,2014-07-23,32.92
827,2014-07-24,32.92
828,2014-07-25,32.9
829,2014-07-26,32.89
830,2014-07-27,32.89
831,2014-07-28,32.91
832,2014-07-29,32.91
833,2014-07-30,32.91
834,2014-07-31,32.9
835,2014-08-01,32.9
836,2014-08-02,32.89
837,2014-08-03,32.89
838,2014-08-04,32.89
839,2014-08-05,32.89
840,2014-08-06,32.9
841,2014-08-07,32.9
842,2014-08-08,32.92
843,2014-08-09,32.92
844,2014-08-10,32.92
845,2014-08-11,32.92
846,2014-08-12,32.93
847,2014-08-13,32.93
848,2014-08-14,32.92
849,2014-08-15,32.92
850,2014-08-16,32.91
851,2014-08-17,32.92
852,2014-08-18,32.91
853,2014-08-19,32.9
854,2014-08-20,32.89
855,2014-08-21,32.89
856,2014-08-22,32.89
857,2014-08-23,32.89
858,2014-08-24,32.89
859,2014-08-25,32.92
860,2014-08-26,32.93
861,2014-08-27,32.93
862,2014-08-28,32.93
863,2014-08-29,32.92
864,2014-08-30,32.92
865,2014-08-31,32.92
866,2014-09-01,32.91
867,2014-09-02,32.9
868,2014-09-03,32.9
869,2014-09-04,32.9
870,2014-09-05,32.9
871,2014-09-06,32.9
872,2014-09-07,32.89
873,2014-09-08,32.89
874,2014-09-09,32.88
875,2014-09-10,32.88
876,2014-09-11,32.88
877,2014-09-12,32.87
878,2014-09-13,32.87
879,2014-09-14,32.87
880,2014-09-15,32.87
881,2014-09-16,32.87
882,2014-09-17,32.86
883,2014-09-18,32.86
884,2014-09-19,32.87
885,2014-09-20,32.87
886,2014-09-21,32.9
887,2014-09-22,32.89
888,2014-09-23,32.9
889,2014-09-24,32.89
890,2014-09-25,32.88
891,2014-09-26,32.89
892,2014-09-27,32.88
893,2014-09-28,32.88
894,2014-09-29,32.89
895,2014-09-30,32.9
896,2014-10-01,32.9
897,2014-10-02,32.89
898,2014-10-03,32.89
899,2014-10-04,32.89
900,2014-10-05,32.89
901,2014-10-06,32.89
902,2014-10-07,32.9
903,2014-10-08,32.93
904,2014-10-09,32.94
905,2014-10-10,32.92
906,2014-10-11,32.93
907,2014-10-12,32.94
908,2014-10-13,32.94
909,2014-10-14,32.93
910,2014-10-15,32.93
911,2014-10-16,32.93
912,2014-10-17,32.95
913,2014-10-18,32.95
914,2014-10-19,32.94
915,2014-10-20,32.94
916,2014-10-21,32.94
917,2014-10-22,32.92
918,2014-10-23,32.93
919,2014-10-24,32.93
920,2014-10-25,32.92
921,2014-10-26,32.92
922,2014-10-27,32.92
923,2014-10-28,32.92
924,2014-10-29,32.92
925,2014-10-30,32.91
926,2014-10-31,32.91
927,2014-11-01,32.91
928,2014-11-02,32.92
929,2014-11-03,32.94
930,2014-11-04,32.94
931,2014-11-05,32.94
932,2014-11-06,32.93
933,2014-11-07,32.94
934,2014-11-08,32.93
935,2014-11-09,32.93
936,2014-11-10,32.93
937,2014-11-11,32.93
938,2014-11-12,32.92
939,2014-11-13,32.92
940,2014-11-14,32.93
941,2014-11-15,32.94
942,2014-11-16,32.94
943,2014-11-17,32.93
944,2014-11-18,32.94
945,2014-11-19,32.93
946,2014-11-20,32.93
947,2014-11-21,32.93
948,2014-11-22,32.93
949,2014-11-23,32.93
950,2014-11-24,32.92
951,2014-11-25,32.93
952,2014-11-26,32.94
953,2014-11-27,32.94
954,2014-11-28,32.93
955,2014-11-29,32.92
956,2014-11-30,32.93
957,2014-12-01,32.93
958,2014-12-02,32.92
959,2014-12-03,32.92
960,2014-12-04,32.92
961,2014-12-05,32.92
962,2014-12-06,32.91
963,2014-12-07,32.92
964,2014-12-08,32.92
965,2014-12-09,32.91
966,2014-12-10,32.92
967,2014-12-11,32.92
968,2014-12-12,32.93
969,2014-12-13,32.96
970,2014-12-14,32.96
971,2014-12-15,32.95
972,2014-12-16,32.95
973,2014-12-17,32.97
974,2014-12-18,32.96
975,2014-12-19,32.96
976,2014-12-20,32.96
977,2014-12-21,32.95
978,2014-12-22,32.96
979,2014-12-23,32.96
980,2014-12-24,32.95
981,2014-12-25,32.94
982,2014-12-26,32.96
983,2014-12-27,32.98
984,2014-12-28,32.96
985,2014-12-29,32.94
986,2014-12-30,32.95
987,2014-12-31,32.95
988,2015-01-01,32.95
989,2015-01-02,32.95
990,2015-01-03,32.96
991,2015-01-04,32.94
992,2015-01-05,32.95
993,2015-01-06,32.95
994,2015-01-07,32.94
995,2015-01-08,32.95
996,2015-01-09,32.96
997,2015-01-10,32.96
998,2015-01-11,32.95
999,2015-01-12,32.95
1000,2015-01-13,32.96
1001,2015-01-14,32.96
1002,2015-01-15,32.97
1003,2015-01-16,32.96
1004,2015-01-17,32.96
1005,2015-01-18,32.96
1006,2015-01-19,32.96
1007,2015-01-20,32.96
1008,2015-01-21,32.96
1009,2015-01-22,32.95
1010,2015-01-23,32.94
1011,2015-01-24,32.95
1012,2015-01-25,32.95
1013,2015-01-26,32.95
1014,2015-01-27,32.95
1015,2015-01-28,32.97
1016,2015-01-29,32.98
1017,2015-01-30,32.98
1018,2015-01-31,32.98
1019,2015-02-01,32.98
1020,2015-02-02,32.97
1021,2015-02-03,32.97
1022,2015-02-04,32.96
1023,2015-02-05,32.96
1024,2015-02-06,32.96
1025,2015-02-07,32.95
1026,2015-02-08,32.96
1027,2015-02-09,32.95
1028,2015-02-10,32.96
1029,2015-02-11,32.96
1030,2015-02-12,32.96
1031,2015-02-13,32.97
1032,2015-02-14,32.97
1033,2015-02-15,32.96
1034,2015-02-16,32.95
1035,2015-02-17,32.94
1036,2015-02-18,32.95
1037,2015-02-19,32.95
1038,2015-02-20,32.99
1039,2015-02-21,32.99
1040,2015-02-22,32.99
1041,2015-02-23,32.99
1042,2015-02-24,32.98
1043,2015-02-25,32.98
1044,2015-02-26,32.99
1045,2015-02-27,32.99
1046,2015-02-28,32.99
1047,2015-03-01,33.0
1048,2015-03-02,32.99
1049,2015-03-03,32.98
1050,2015-03-04,32.97
1051,2015-03-05,32.97
1052,2015-03-06,32.98
1053,2015-03-07,32.98
1054,2015-03-08,32.98
1055,2015-03-09,32.97
1056,2015-03-10,32.97
1057,2015-03-11,32.97
1058,2015-03-12,32.97
1059,2015-03-13,32.97
1060,2015-03-14,32.96
1061,2015-03-15,32.96
1062,2015-03-16,32.96
1063,2015-03-17,32.96
1064,2015-03-18,32.95
1065,2015-03-19,32.96
1066,2015-03-20,32.96
1067,2015-03-21,32.95
1068,2015-03-22,32.95
1069,2015-03-23,32.96
1070,2015-03-24,32.97
1071,2015-03-25,32.97
1072,2015-03-26,32.97
1073,2015-03-27,32.96
1074,2015-03-28,32.97
1075,2015-03-29,32.98
1076,2015-03-30,32.98
1077,2015-03-31,32.98
1078,2015-04-01,32.96
1079,2015-04-02,32.97
1080,2015-04-03,32.97
1081,2015-04-04,32.97
1082,2015-04-05,32.96
1083,2015-04-06,32.95
1084,2015-04-07,32.95
1085,2015-04-08,32.96
1086,2015-04-09,32.96
1087,2015-04-10,32.96
1088,2015-04-11,32.93
1089,2015-04-12,32.94
1090,2015-04-13,32.94
1091,2015-04-14,32.95
1092,2015-04-15,32.95
1093,2015-04-16,32.95
1094,2015-04-17,32.94
1095,2015-04-18,32.94
1096,2015-04-19,32.94
1097,2015-04-20,32.93
1098,2015-04-21,32.93
1099,2015-04-22,32.93
1100,2015-04-23,32.93
1101,2015-04-24,32.93
1102,2015-04-25,32.94
1103,2015-04-26,32.96
1104,2015-04-27,32.96
1105,2015-04-28,32.95
1106,2015-04-29,32.95
1107,2015-04-30,32.96
1108,2015-05-01,32.96
1109,2015-05-02,32.97
1110,2015-05-03,32.97
1111,2015-05-04,32.98
1112,2015-05-05,32.98
1113,2015-05-06,32.96
1114,2015-05-07,32.96
1115,2015-05-08,32.96
1116,2015-05-09,32.95
1117,2015-05-10,32.94
1118,2015-05-11,32.95
1119,2015-05-12,32.94
1120,2015-05-13,32.94
1121,2015-05-14,32.94
1122,2015-05-15,32.95
1123,2015-05-16,32.94
1124,2015-05-17,32.95
1125,2015-05-18,32.95
1126,2015-05-19,32.94
1127,2015-05-20,32.94
1128,2015-05-21,32.93
1129,2015-05-22,32.93
1130,2015-05-23,32.93
1131,2015-05-24,32.92
1132,2015-05-25,32.92
1133,2015-05-26,32.92
1134,2015-05-27,32.91
1135,2015-05-28,32.92
1136,2015-05-29,32.92
1137,2015-05-30,32.91
1138,2015-05-31,32.91
1139,2015-06-01,32.91
1140,2015-06-02,32.91
1141,2015-06-03,32.9
1142,2015-06-04,32.9
1143,2015-06-05,32.9
1144,2015-06-06,32.89
1145,2015-06-07,32.88
1146,2015-06-08,32.87
1147,2015-06-09,32.87
1148,2015-06-10,32.87
1149,2015-06-11,32.87
1150,2015-06-12,32.87
1151,2015-06-13,32.85
1152,2015-06-14,32.84
1153,2015-06-15,32.84
1154,2015-06-16,32.82
1155,2015-06-17,32.81
1156,2015-06-18,32.83
1157,2015-06-19,32.82
1158,2015-06-20,32.82
1159,2015-06-21,32.83
1160,2015-06-22,32.84
1161,2015-06-23,32.83
1162,2015-06-24,32.83
1163,2015-06-25,32.81
1164,2015-06-26,32.81
1165,2015-06-27,32.79
1166,2015-06-28,32.8
1167,2015-06-29,32.8
1168,2015-06-30,32.78
1169,2015-07-01,32.76
1170,2015-07-02,32.75
1171,2015-07-03,32.76
1172,2015-07-04,32.76
1173,2015-07-05,32.76
1174,2015-07-06,32.74
1175,2015-07-07,32.74
1176,2015-07-08,32.74
1177,2015-07-09,32.74
1178,2015-07-10,32.73
1179,2015-07-11,32.71
1180,2015-07-12,32.71
1181,2015-07-13,32.72
1182,2015-07-14,32.72
1183,2015-07-15,32.71
1184,2015-07-16,32.72
1185,2015-07-17,32.71
1186,2015-07-18,32.7
1187,2015-07-19,32.71
1188,2015-07-20,32.72
1189,2015-07-21,32.72
1190,2015-07-22,32.72
1191,2015-07-23,32.72
1192,2015-07-24,32.72
1193,2015-07-25,32.7
1194,2015-07-26,32.71
1195,2015-07-27,32.73
1196,2015-07-28,32.73
1197,2015-07-29,32.73
1198,2015-07-30,32.72
1199,2015-07-31,32.71
1200,2015-08-01,32.7
1201,2015-08-02,32.71
1202,2015-08-03,32.71
1203,2015-08-04,32.7
1204,2015-08-05,32.7
1205,2015-08-06,32.69
1206,2015-08-07,32.69
1207,2015-08-08,32.68
1208,2015-08-09,32.69
1209,2015-08-10,32.69
1210,2015-08-11,32.68
1211,2015-08-12,32.68
1212,2015-08-13,32.68
1213,2015-08-14,32.69
1214,2015-08-15,32.69
1215,2015-08-16,32.7
1216,2015-08-17,32.69
1217,2015-08-18,32.7
1218,2015-08-19,32.69
1219,2015-08-20,32.7
1220,2015-08-21,32.7
1221,2015-08-22,32.7
1222,2015-08-23,32.7
1223,2015-08-24,32.73
1224,2015-08-25,32.73
1225,2015-08-26,32.74
1226,2015-08-27,32.76
1227,2015-08-28,32.76
1228,2015-08-29,32.76
1229,2015-08-30,32.76
1230,2015-08-31,32.75
1231,2015-09-01,32.75
1232,2015-09-02,32.74
1233,2015-09-03,32.74
1234,2015-09-04,32.74
1235,2015-09-05,32.73
1236,2015-09-06,32.73
1237,2015-09-07,32.72
1238,2015-09-08,32.73
1239,2015-09-09,32.73
1240,2015-09-10,32.72
1241,2015-09-11,32.72
1242,2015-09-12,32.73
1243,2015-09-13,32.75
1244,2015-09-14,32.76
1245,2015-09-15,32.76
1246,2015-09-16,32.78
1247,2015-09-17,32.77
1248,2015-09-18,32.77
1249,2015-09-19,32.77
1250,2015-09-20,32.77
1251,2015-09-21,32.77
1252,2015-09-22,32.78
1253,2015-09-23,32.77
1254,2015-09-24,32.77
1255,2015-09-25,32.76
1256,2015-09-26,32.76
1257,2015-09-27,32.76
1258,2015-09-28,32.75
1259,2015-09-29,32.75
1260,2015-09-30,32.75
1261,2015-10-01,32.75
1262,2015-10-02,32.74
1263,2015-10-03,32.74
1264,2015-10-04,32.74
1265,2015-10-05,32.76
1266,2015-10-06,32.79
1267,2015-10-07,32.79
1268,2015-10-08,32.78
1269,2015-10-09,32.78
1270,2015-10-10,32.78
1271,2015-10-11,32.78
1272,2015-10-12,32.78
1273,2015-10-13,32.77
1274,2015-10-14,32.77
1275,2015-10-15,32.77
1276,2015-10-16,32.77
1277,2015-10-17,32.78
1278,2015-10-18,32.77
1279,2015-10-19,32.77
1280,2015-10-20,32.77
1281,2015-10-21,32.78
1282,2015-10-22,32.78
1283,2015-10-23,32.78
1284,2015-10-24,32.78
1285,2015-10-25,32.77
1286,2015-10-26,32.78
1287,2015-10-27,32.78
1288,2015-10-28,32.79
1289,2015-10-29,32.79
1290,2015-10-30,32.78
1291,2015-10-31,32.78
1292,2015-11-01,32.78
1293,2015-11-02,32.78
1294,2015-11-03,32.79
1295,2015-11-04,32.78
1296,2015-11-05,32.79
1297,2015-11-06,32.79
1298,2015-11-07,32.79
1299,2015-11-08,32.79
1300,2015-11-09,32.78
1301,2015-11-10,32.78
1302,2015-11-11,32.78
1303,2015-11-12,32.78
1304,2015-11-13,32.78
1305,2015-11-14,32.79
1306,2015-11-15,32.79
1307,2015-11-16,32.78
1308,2015-11-17,32.79
1309,2015-11-18,32.79
1310,2015-11-19,32.79
1311,2015-11-20,32.83
1312,2015-11-21,32.83
1313,2015-11-22,32.83
1314,2015-11-23,32.82
1315,2015-11-24,32.83
1316,2015-11-25,32.84
1317,2015-11-26,32.83
1318,2015-11-27,32.83
1319,2015-11-28,32.83
1320,2015-11-29,32.82
1321,2015-11-30,32.82
1322,2015-12-01,32.81
1323,2015-12-02,32.81
1324,2015-12-03,32.81
1325,2015-12-04,32.81
1326,2015-12-05,32.81
1327,2015-12-06,32.81
1328,2015-12-07,32.8
1329,2015-12-08,32.8
1330,2015-12-09,32.8
1331,2015-12-10,32.81
1332,2015-12-11,32.81
1333,2015-12-12,32.81
1334,2015-12-13,32.8
1335,2015-12-14,32.8
1336,2015-12-15,32.81
1337,2015-12-16,32.81
1338,2015-12-17,32.82
1339,2015-12-18,32.81
1340,2015-12-19,32.81
1341,2015-12-20,32.81
1342,2015-12-21,32.81
1343,2015-12-22,32.81
1344,2015-12-23,32.81
1345,2015-12-24,32.81
1346,2015-12-25,32.81
1347,2015-12-26,32.81
1348,2015-12-27,32.81
1349,2015-12-28,32.81
1350,2015-12-29,32.8
1351,2015-12-30,32.81
1352,2015-12-31,32.81
1353,2016-01-01,32.81
1354,2016-01-02,32.81
1355,2016-01-03,32.85
1356,2016-01-04,32.85
1357,2016-01-05,32.84
1358,2016-01-06,32.83
1359,2016-01-07,32.84
1360,2016-01-08,32.84
1361,2016-01-09,32.84
1362,2016-01-10,32.85
1363,2016-01-11,32.85
1364,2016-01-12,32.84
1365,2016-01-13,32.85
1366,2016-01-14,32.86
1367,2016-01-15,32.85
1368,2016-01-16,32.84
1369,2016-01-17,32.84
1370,2016-01-18,32.85
1371,2016-01-19,32.84
1372,2016-01-20,32.83
1373,2016-01-21,32.82
1374,2016-01-22,32.83
1375,2016-01-23,32.83
1376,2016-01-24,32.85
1377,2016-01-25,32.85
1378,2016-01-26,32.85
1379,2016-01-27,32.85
1380,2016-01-28,32.84
1381,2016-01-29,32.84
1382,2016-01-30,32.86
1383,2016-01-31,32.87
1384,2016-02-01,32.86
1385,2016-02-02,32.86
1386,2016-02-03,32.86
1387,2016-02-04,32.86
1388,2016-02-05,32.86
1389,2016-02-06,32.86
1390,2016-02-07,32.86
1391,2016-02-08,32.88
1392,2016-02-09,32.93
1393,2016-02-10,32.93
1394,2016-02-11,32.92
1395,2016-02-12,32.93
1396,2016-02-13,32.93
1397,2016-02-14,32.93
1398,2016-02-15,32.91
1399,2016-02-16,32.91
1400,2016-02-17,32.92
1401,2016-02-18,32.91
1402,2016-02-19,32.91
1403,2016-02-20,32.92
1404,2016-02-21,32.91
1405,2016-02-22,32.92
1406,2016-02-23,32.92
1407,2016-02-24,32.92
1408,2016-02-25,32.92
1409,2016-02-26,32.92
1410,2016-02-27,32.92
1411,2016-02-28,32.91
1412,2016-02-29,32.9
1413,2016-03-01,32.91
1414,2016-03-02,32.92
1415,2016-03-03,32.92
1416,2016-03-04,32.94
1417,2016-03-05,32.95
1418,2016-03-06,32.95
1419,2016-03-07,32.94
1420,2016-03-08,32.94
1421,2016-03-09,32.96
1422,2016-03-10,32.94
1423,2016-03-11,32.94
1424,2016-03-12,32.94
1425,2016-03-13,32.93
1426,2016-03-14,32.93
1427,2016-03-15,32.93
1428,2016-03-16,32.93
1429,2016-03-17,32.93
1430,2016-03-18,32.93
1431,2016-03-19,32.93
1432,2016-03-20,32.92
1433,2016-03-21,32.92
1434,2016-03-22,32.93
1435,2016-03-23,32.92
1436,2016-03-24,32.92
1437,2016-03-25,32.93
1438,2016-03-26,32.94
1439,2016-03-27,32.95
1440,2016-03-28,32.96
1441,2016-03-29,32.95
1442,2016-03-30,32.95
1443,2016-03-31,32.96
1444,2016-04-01,32.95
1445,2016-04-02,32.96
1446,2016-04-03,32.96
1447,2016-04-04,32.96
1448,2016-04-05,32.96
1449,2016-04-06,32.95
1450,2016-04-07,32.95
1451,2016-04-08,32.95
1452,2016-04-09,32.95
1453,2016-04-10,32.95
1454,2016-04-11,32.95
1455,2016-04-12,32.95
1456,2016-04-13,32.96
1457,2016-04-14,32.96
1458,2016-04-15,32.97
1459,2016-04-16,32.96
1460,2016-04-17,32.95
1461,2016-04-18,32.94
1462,2016-04-19,32.94
1463,2016-04-20,32.94
1464,2016-04-21,32.94
1465,2016-04-22,32.94
1466,2016-04-23,32.94
1467,2016-04-24,32.94
1468,2016-04-25,32.95
1469,2016-04-26,32.95
1470,2016-04-27,32.95
1471,2016-04-28,32.95
1472,2016-04-29,32.97
1473,2016-04-30,32.97
1474,2016-05-01,32.97
1475,2016-05-02,32.97
1476,2016-05-03,32.96
1477,2016-05-04,32.95
1478,2016-05-05,32.96
1479,2016-05-06,32.95
1480,2016-05-07,32.95
1481,2016-05-08,32.94
1482,2016-05-09,32.94
1483,2016-05-10,32.95
1484,2016-05-11,32.96
1485,2016-05-12,32.98
1486,2016-05-13,32.98
1487,2016-05-14,32.96
1488,2016-05-15,32.96
1489,2016-05-16,32.96
1490,2016-05-17,32.96
1491,2016-05-18,32.97
1492,2016-05-19,32.97
1493,2016-05-20,32.97
1494,2016-05-21,32.97
1495,2016-05-22,33.0
1496,2016-05-23,33.01
1497,2016-05-24,33.01
1498,2016-05-25,33.0
1499,2016-05-26,33.0
1500,2016-05-27,32.99
1501,2016-05-28,33.0
1502,2016-05-29,33.01
1503,2016-05-30,33.04
1504,2016-05-31,33.08
1505,2016-06-01,33.07
1506,2016-06-02,33.08
1507,2016-06-03,33.07
1508,2016-06-04,33.06
1509,2016-06-05,33.06
1510,2016-06-06,33.05
1511,2016-06-07,33.06
1512,2016-06-08,33.05
1513,2016-06-09,33.05
1514,2016-06-10,33.04
1515,2016-06-11,33.04
1516,2016-06-12,33.07
1517,2016-06-13,33.07
1518,2016-06-14,33.06
1519,2016-06-15,33.06
1520,2016-06-16,33.08
1521,2016-06-17,33.08
1522,2016-06-18,33.08
1523,2016-06-19,33.07
1524,2016-06-20,33.09
1525,2016-06-21,33.08
1526,2016-06-22,33.08
1527,2016-06-23,33.08
1528,2016-06-24,33.07
1529,2016-06-25,33.06
1530,2016-06-26,33.06
1531,2016-06-27,33.06
1532,2016-06-28,33.06
1533,2016-06-29,33.05
1534,2016-06-30,33.05
1535,2016-07-01,33.06
1536,2016-07-02,33.05
1537,2016-07-03,33.05
1538,2016-07-04,33.05
1539,2016-07-05,33.05
1540,2016-07-06,33.04
1541,2016-07-07,33.04
1542,2016-07-08,33.04
1543,2016-07-09,33.03
1544,2016-07-10,33.02
1545,2016-07-11,33.02
1546,2016-07-12,33.02
1547,2016-07-13,33.02
1548,2016-07-14,33.03
1549,2016-07-15,33.02
1550,2016-07-16,33.03
1551,2016-07-17,33.01
1552,2016-07-18,33.0
1553,2016-07-19,33.0
1554,2016-07-20,33.01
1555,2016-07-21,32.99
1556,2016-07-22,32.99
1557,2016-07-23,32.98
1558,2016-07-24,32.98
1559,2016-07-25,32.98
1560,2016-07-26,32.98
1561,2016-07-27,32.98
1562,2016-07-28,32.99
1563,2016-07-29,32.99
1564,2016-07-30,32.98
1565,2016-07-31,32.97
1566,2016-08-01,32.98
1567,2016-08-02,33.0
1568,2016-08-03,33.0
1569,2016-08-04,33.0
1570,2016-08-05,33.0
1571,2016-08-06,32.99
1572,2016-08-07,32.99
1573,2016-08-08,32.99
1574,2016-08-09,32.98
1575,2016-08-10,32.97
1576,2016-08-11,32.97
1577,2016-08-12,32.97
1578,2016-08-13,32.96
1579,2016-08-14,32.97
1580,2016-08-15,32.96
1581,2016-08-16,32.96
1582,2016-08-17,32.96
1583,2016-08-18,32.96
1584,2016-08-19,32.97
1585,2016-08-20,32.97
1586,2016-08-21,32.96
1587,2016-08-22,32.96
1588,2016-08-23,32.96
1589,2016-08-24,32.95
1590,2016-08-25,32.95
1591,2016-08-26,32.94
1592,2016-08-27,32.94
1593,2016-08-28,32.94
1594,2016-08-29,32.93
1595,2016-08-30,32.93
1596,2016-08-31,32.93
1597,2016-09-01,32.92
1598,2016-09-02,32.92
1599,2016-09-03,32.92
1600,2016-09-04,32.93
1601,2016-09-05,32.93
1602,2016-09-06,32.94
1603,2016-09-07,32.94
1604,2016-09-08,32.93
1605,2016-09-09,32.92
1606,2016-09-10,32.93
1607,2016-09-11,32.93
1608,2016-09-12,32.92
1609,2016-09-13,32.92
1610,2016-09-14,32.92
1611,2016-09-15,32.92
1612,2016-09-16,32.92
1613,2016-09-17,32.94
1614,2016-09-18,32.94
1615,2016-09-19,32.93
1616,2016-09-20,32.93
1617,2016-09-21,32.93
1618,2016-09-22,32.93
1619,2016-09-23,32.92
1620,2016-09-24,32.93
1621,2016-09-25,32.92
1622,2016-09-26,32.92
1623,2016-09-27,32.92
1624,2016-09-28,32.91
1625,2016-09-29,32.92
1626,2016-09-30,32.92
1627,2016-10-01,32.92
1628,2016-10-02,32.92
1629,2016-10-03,32.91
1630,2016-10-04,32.91
1631,2016-10-05,32.91
1632,2016-10-06,32.91
1633,2016-10-07,32.9
1634,2016-10-08,32.9
1635,2016-10-09,32.9
1636,2016-10-10,32.9
1637,2016-10-11,32.91
1638,2016-10-12,32.91
1639,2016-10-13,32.91
1640,2016-10-14,32.91
1641,2016-10-15,32.91
1642,2016-10-16,32.91
1643,2016-10-17,32.91
1644,2016-10-18,32.91
1645,2016-10-19,32.91
1646,2016-10-20,32.92
1647,2016-10-21,32.92
1648,2016-10-22,32.92
1649,2016-10-23,32.94
1650,2016-10-24,32.94
1651,2016-10-25,32.93
1652,2016-10-26,32.93
1653,2016-10-27,32.93
1654,2016-10-28,32.93
1655,2016-10-29,32.93
1656,2016-10-30,32.93
1657,2016-10-31,32.92
1658,2016-11-01,32.92
1659,2016-11-02,32.92
1660,2016-11-03,32.92
1661,2016-11-04,32.93
1662,2016-11-05,32.92
1663,2016-11-06,32.92
1664,2016-11-07,32.92
1665,2016-11-08,32.92
1666,2016-11-09,32.94
1667,2016-11-10,32.94
1668,2016-11-11,32.93
1669,2016-11-12,32.93
1670,2016-11-13,32.94
1671,2016-11-14,32.93
1672,2016-11-15,32.93
1673,2016-11-16,32.94
1674,2016-11-17,32.94
1675,2016-11-18,32.94
1676,2016-11-19,32.93
1677,2016-11-20,32.94
1678,2016-11-21,32.94
1679,2016-11-22,32.93
1680,2016-11-23,32.93
1681,2016-11-24,32.93
1682,2016-11-25,32.93
1683,2016-11-26,32.92
1684,2016-11-27,32.92
1685,2016-11-28,32.91
1686,2016-11-29,32.91
1687,2016-11-30,32.91
1688,2016-12-01,32.91
1689,2016-12-02,32.91
1690,2016-12-03,32.91
1691,2016-12-04,32.9
1692,2016-12-05,32.9
1693,2016-12-06,32.89
1694,2016-12-07,32.89
1695,2016-12-08,32.9
1696,2016-12-09,32.9
1697,2016-12-10,32.9
1698,2016-12-11,32.9
1699,2016-12-12,32.89
1700,2016-12-13,32.9
1701,2016-12-14,32.9
1702,2016-12-15,32.89
1703,2016-12-16,32.89
1704,2016-12-17,32.88
1705,2016-12-18,32.89
1706,2016-12-19,32.89
1707,2016-12-20,32.89
1708,2016-12-21,32.88
1709,2016-12-22,32.91
1710,2016-12-23,32.91
1711,2016-12-24,32.91
1712,2016-12-25,32.9
1713,2016-12-26,32.9
1714,2016-12-27,32.89
1715,2016-12-28,32.89
1716,2016-12-29,32.89
1717,2016-12-30,32.89
1718,2016-12-31,32.89
1719,2017-01-01,32.89
1720,2017-01-02,32.88
1721,2017-01-03,32.88
1722,2017-01-04,32.89
1723,2017-01-05,32.88
1724,2017-01-06,32.87
1725,2017-01-07,32.88
1726,2017-01-08,32.87
1727,2017-01-09,32.89
1728,2017-01-10,32.9
1729,2017-01-11,32.89
1730,2017-01-12,32.92
1731,2017-01-13,32.9
1732,2017-01-14,32.9
1733,2017-01-15,32.9
1734,2017-01-16,32.89
1735,2017-01-17,32.89
1736,2017-01-18,32.88
1737,2017-01-19,32.88
1738,2017-01-20,32.88
1739,2017-01-21,32.88
1740,2017-01-22,32.88
1741,2017-01-23,32.87
1742,2017-01-24,32.87
1743,2017-01-25,32.86
1744,2017-01-26,32.87
1745,2017-09-27,32.68
1746,2017-09-28,32.68
1747,2017-09-29,32.69
1748,2017-09-30,32.68
1749,2017-10-01,32.69
1750,2017-10-02,32.69
1751,2017-10-03,32.68
1752,2017-10-04,32.69
1753,2017-10-05,32.69
1754,2017-10-06,32.69
1755,2017-10-07,32.69
1756,2017-10-08,32.69
1757,2017-10-09,32.69
1758,2017-10-10,32.69
1759,2017-10-11,32.69
1760,2017-10-12,32.68
1761,2017-10-13,32.68
1762,2017-10-14,32.68
1763,2017-10-15,32.69
1764,2017-10-16,32.68
1765,2017-10-17,32.69
1766,2017-10-18,32.69
1767,2017-10-19,32.69
1768,2017-10-20,32.69
1769,2017-10-21,32.7
1770,2017-10-22,32.69
1771,2017-10-23,32.69
1772,2017-10-24,32.7
1773,2017-10-25,32.7
1774,2017-10-26,32.7
1775,2017-10-27,32.7
1776,2017-10-28,32.7
1777,2017-10-29,32.7
1778,2017-10-30,32.7
1779,2017-10-31,32.7
1780,2017-11-01,32.7
1781,2017-11-02,32.7
1782,2017-11-03,32.7
1783,2017-11-04,32.71
1784,2017-11-05,32.71
1785,2017-11-06,32.7
1786,2017-11-07,32.71
1787,2017-11-08,32.7
1788,2017-11-09,32.7
1789,2017-11-10,32.71
1790,2017-11-11,32.73
1791,2017-11-12,32.76
1792,2017-11-13,32.75
1793,2017-11-14,32.75
1794,2017-11-15,32.75
1795,2017-11-16,32.75
1796,2017-11-17,32.75
1797,2017-11-18,32.75
1798,2017-11-19,32.75
1799,2017-11-20,32.75
1800,2017-11-21,32.75
1801,2017-11-22,32.75
1802,2017-11-23,32.75
1803,2017-11-24,32.76
1804,2017-11-25,32.76
1805,2017-11-26,32.76
1806,2017-11-27,32.77
1807,2017-11-28,32.79
1808,2017-11-29,32.79
1809,2017-11-30,32.79
1810,2017-12-01,32.79
1811,2017-12-02,32.78
1812,2017-12-03,32.78
1813,2017-12-04,32.78
1814,2017-12-05,32.77
1815,2017-12-06,32.78
1816,2017-12-07,32.79
1817,2017-12-08,32.78
1818,2017-12-09,32.78
1819,2017-12-10,32.81
1820,2017-12-11,32.84
1821,2017-12-12,32.81
1822,2017-12-13,32.84
1823,2017-12-14,32.85
1824,2017-12-15,32.85
1825,2017-12-16,32.85
1826,2017-12-17,32.84
1827,2017-12-18,32.85
1828,2017-12-19,32.84
1829,2017-12-20,32.83
1830,2017-12-21,32.83
1831,2017-12-22,32.83
1832,2017-12-23,32.82
1833,2017-12-24,32.82
1834,2017-12-25,32.83
1835,2017-12-26,32.83
1836,2017-12-27,32.84
1837,2017-12-28,32.82
1838,2017-12-29,32.83
1839,2017-12-30,32.84
1840,2017-12-31,32.84
1841,2018-01-01,32.85
1842,2018-01-02,32.84
1843,2018-01-03,32.85
1844,2018-01-04,32.87
1845,2018-01-05,32.87
1846,2018-01-06,32.86
1847,2018-01-07,32.85
1848,2018-01-08,32.85
1849,2018-01-09,32.85
1850,2018-01-10,32.85
1851,2018-01-11,32.85
1852,2018-01-12,32.84
1853,2018-01-13,32.84
1854,2018-01-14,32.84
1855,2018-01-15,32.86
1856,2018-01-16,32.86
1857,2018-01-17,32.87
1858,2018-01-18,32.88
1859,2018-01-19,32.87
1860,2018-01-20,32.89
1861,2018-01-21,32.89
1862,2018-01-22,32.91
1863,2018-01-23,32.91
1864,2018-01-24,32.91
1865,2018-01-25,32.9
1866,2018-01-26,32.9
1867,2018-01-27,32.89
1868,2018-01-28,32.89
1869,2018-01-29,32.89
1870,2018-01-30,32.89
1871,2018-01-31,32.94
1872,2018-02-01,32.94
1873,2018-02-02,32.93
1874,2018-02-03,32.93
1875,2018-02-04,32.93
1876,2018-02-05,32.93
1877,2018-02-06,32.93
1878,2018-02-07,32.93
1879,2018-02-08,32.93
1880,2018-02-09,32.93
1881,2018-02-10,32.94
1882,2018-02-11,32.95
1883,2018-02-12,32.94
1884,2018-02-13,32.95
1885,2018-02-14,32.94
1886,2018-02-15,32.95
1887,2018-02-16,32.95
1888,2018-02-17,32.95
1889,2018-02-18,32.94
1890,2018-02-19,32.95
1891,2018-02-20,32.95
1892,2018-02-21,32.94
1893,2018-02-22,32.94
1894,2018-02-23,32.94
1895,2018-02-24,32.94
1896,2018-02-25,32.93
1897,2018-02-26,32.93
1898,2018-02-27,32.93
1899,2018-02-28,32.93
1900,2018-03-01,32.93
1901,2018-03-02,32.93
1902,2018-03-03,32.93
1903,2018-03-04,32.94
1904,2018-03-05,32.95
1905,2018-03-06,32.95
1906,2018-03-07,32.94
1907,2018-03-08,32.95
1908,2018-03-09,32.96
1909,2018-03-10,32.96
1910,2018-03-11,32.98
1911,2018-03-12,32.98
1912,2018-03-13,32.97
1913,2018-03-14,32.97
1914,2018-03-15,32.98
1915,2018-03-16,32.96
1916,2018-03-17,32.96
1917,2018-03-18,32.96
1918,2018-03-19,32.96
1919,2018-03-20,32.95
1920,2018-03-21,32.95
1921,2018-03-22,32.96
1922,2018-03-23,32.96
1923,2018-03-24,32.96
1924,2018-03-25,32.95
1925,2018-03-26,32.94
1926,2018-03-27,32.96
1927,2018-03-28,32.98
1928,2018-03-29,32.97
1929,2018-03-30,32.97
1930,2018-03-31,32.97
1931,2018-04-01,32.96
1932,2018-04-02,32.97
1933,2018-04-03,32.97
1934,2018-04-04,32.97
1935,2018-04-05,32.96
1936,2018-04-06,32.97
1937,2018-04-07,32.96
1938,2018-04-08,32.96
1939,2018-04-09,32.97
1940,2018-04-10,32.97
1941,2018-04-11,32.96
1942,2018-04-12,32.96
1943,2018-04-13,32.96
1944,2018-04-14,32.96
1945,2018-04-15,32.96
1946,2018-04-16,32.95
1947,2018-04-17,32.95
1948,2018-04-18,32.95
1949,2018-04-19,32.95
1950,2018-04-20,32.95
1951,2018-04-21,32.95
1952,2018-04-22,32.95
1953,2018-04-23,32.94
1954,2018-04-24,32.94
1955,2018-04-25,32.94
1956,2018-04-26,32.94
1957,2018-04-27,32.94
1958,2018-04-28,32.93
1959,2018-04-29,32.95
1960,2018-04-30,32.98
1961,2018-05-01,32.99
1962,2018-05-02,32.98
1963,2018-05-03,32.97
1964,2018-05-04,32.97
1965,2018-05-05,32.96
1966,2018-05-06,32.96
1967,2018-05-07,32.96
1968,2018-05-08,32.96
1969,2018-05-09,32.95
1970,2018-05-10,32.95
1971,2018-05-11,32.95
1972,2018-05-12,32.95
1973,2018-05-13,32.95
1974,2018-05-14,32.96
1975,2018-05-15,32.96
1976,2018-05-16,32.96
1977,2018-05-17,32.95
1978,2018-05-18,32.95
1979,2018-05-19,32.95
1980,2018-05-20,32.94
1981,2018-05-21,32.95
1982,2018-05-22,32.94
1983,2018-05-23,32.94
1984,2018-05-24,32.94
1985,2018-05-25,32.96
1986,2018-05-26,32.99
1987,2018-05-27,32.98
1988,2018-05-28,33.0
1989,2018-05-29,33.03
1990,2018-05-30,33.02
1991,2018-05-31,33.01
1992,2018-06-01,33.0
1993,2018-06-02,33.0
1994,2018-06-03,33.0
1995,2018-06-04,32.99
1996,2018-06-05,32.99
1997,2018-06-06,33.03
1998,2018-06-07,33.03
1999,2018-06-08,33.02
2000,2018-06-09,33.01
2001,2018-06-10,33.01
2002,2018-06-11,33.01
2003,2018-06-12,33.02
2004,2018-06-13,33.01
2005,2018-06-14,33.01
2006,2018-06-15,33.0
2007,2018-06-16,33.0
2008,2018-06-17,32.99
2009,2018-06-18,32.98
2010,2018-06-19,32.98
2011,2018-06-20,32.96
2012,2018-06-21,32.95
2013,2018-06-22,32.95
2014,2018-06-23,32.95
2015,2018-06-24,32.95
2016,2018-06-25,32.93
2017,2018-06-26,32.91
2018,2018-06-27,32.9
2019,2018-06-28,32.9
2020,2018-06-29,32.89
2021,2018-06-30,32.89
2022,2018-07-01,32.89
2023,2018-07-02,32.89
2024,2018-07-03,32.87
2025,2018-07-04,32.86
2026,2018-07-05,32.86
2027,2018-07-06,32.85
2028,2018-07-07,32.86
2029,2018-07-08,32.86
2030,2018-07-09,32.84
2031,2018-07-10,32.83
2032,2018-07-11,32.84
2033,2018-07-12,32.84
2034,2018-07-13,32.85
2035,2018-07-14,32.86
2036,2018-07-15,32.86
2037,2018-07-16,32.84
2038,2018-07-17,32.83
2039,2018-07-18,32.82
2040,2018-07-19,32.82
2041,2018-07-20,32.88
2042,2018-07-21,32.88
2043,2018-07-22,32.88
2044,2018-07-23,32.87
2045,2018-07-24,32.86
2046,2018-07-25,32.85
2047,2018-07-26,32.85
2048,2018-07-27,32.84
2049,2018-07-28,32.84
2050,2018-07-29,32.83
2051,2018-07-30,32.83
2052,2018-07-31,32.81
2053,2018-08-01,32.8
2054,2018-08-02,32.8
2055,2018-08-03,32.8
2056,2018-08-04,32.79
2057,2018-08-05,32.77
2058,2018-08-06,32.76
2059,2018-08-07,32.79
2060,2018-08-08,32.79
2061,2018-08-09,32.82
2062,2018-08-10,32.82
2063,2018-08-11,32.82
2064,2018-08-12,32.82
2065,2018-08-13,32.82
2066,2018-08-14,32.82
2067,2018-08-15,32.82
2068,2018-08-16,32.82
2069,2018-08-17,32.82
2070,2018-08-18,32.81
2071,2018-08-19,32.81
2072,2018-08-20,32.81
2073,2018-08-21,32.81
2074,2018-08-22,32.81
2075,2018-08-23,32.8
2076,2018-08-24,32.79
2077,2018-08-25,32.79
2078,2018-08-26,32.79
2079,2018-08-27,32.79
2080,2018-08-28,32.78
2081,2018-08-29,32.81
2082,2018-08-30,32.81
2083,2018-08-31,32.81
2084,2018-09-01,32.81
2085,2018-09-02,32.8
2086,2018-09-03,32.8
2087,2018-09-04,32.8
2088,2018-09-05,32.8
2089,2018-09-06,32.8
2090,2018-09-07,32.8
2091,2018-09-08,32.79
2092,2018-09-09,32.78
2093,2018-09-10,32.77
2094,2018-09-11,32.78
2095,2018-09-12,32.77
2096,2018-09-13,32.77
2097,2018-09-14,32.77
2098,2018-09-15,32.77
2099,2018-09-16,32.77
2100,2018-09-17,32.77
2101,2018-09-18,32.76
2102,2018-09-19,32.76
2103,2018-09-20,32.76
2104,2018-09-21,32.76
2105,2018-09-22,32.76
2106,2018-09-23,32.76
2107,2018-09-24,32.76
2108,2018-09-25,32.76
2109,2018-09-26,32.76
2110,2018-09-27,32.76
2111,2018-09-28,32.76
2112,2018-09-29,32.76
2113,2018-09-30,32.76
2114,2018-10-01,32.75
2115,2018-10-02,32.75
2116,2018-10-03,32.75
2117,2018-10-04,32.76
2118,2018-10-05,32.76
2119,2018-10-06,32.75
2120,2018-10-07,32.75
2121,2018-10-08,32.75
2122,2018-10-09,32.75
2123,2018-10-10,32.75
2124,2018-10-11,32.75
2125,2018-10-12,32.75
2126,2018-10-13,32.76
2127,2018-10-14,32.76
2128,2018-10-15,32.75
2129,2018-10-16,32.75
2130,2018-10-17,32.75
2131,2018-10-18,32.74
2132,2018-10-19,32.75
2133,2018-10-20,32.74
2134,2018-10-21,32.75
2135,2018-10-22,32.74
2136,2018-10-23,32.75
2137,2018-10-24,32.75
2138,2018-10-25,32.75
2139,2018-10-26,32.76
2140,2018-10-27,32.75
2141,2018-10-28,32.76
2142,2018-10-29,32.77
2143,2018-10-30,32.77
2144,2018-10-31,32.77
2145,2018-11-01,32.78
2146,2018-11-02,32.77
2147,2018-11-03,32.78
2148,2018-11-04,32.78
2149,2018-11-05,32.78
2150,2018-11-06,32.78
2151,2018-11-07,32.78
2152,2018-11-08,32.77
2153,2018-11-09,32.78
2154,2018-11-10,32.78
2155,2018-11-11,32.78
2156,2018-11-12,32.8
2157,2018-11-13,32.8
2158,2018-11-14,32.8
2159,2018-11-15,32.79
2160,2018-11-16,32.79
2161,2018-11-17,32.79
2162,2018-11-18,32.79
2163,2018-11-19,32.79
2164,2018-11-20,32.79
2165,2018-11-21,32.78
2166,2018-11-22,32.79
2167,2018-11-23,32.79
2168,2018-11-24,32.8
2169,2018-11-25,32.81
2170,2018-11-26,32.81
2171,2018-11-27,32.8
2172,2018-11-28,32.82
2173,2018-11-29,32.82
2174,2018-11-30,32.81
2175,2018-12-01,32.83
2176,2018-12-02,32.84
2177,2018-12-03,32.85
2178,2018-12-04,32.84
2179,2018-12-05,32.84
2180,2018-12-06,32.85
2181,2018-12-07,32.85
2182,2018-12-08,32.85
2183,2018-12-09,32.86
2184,2018-12-10,32.85
2185,2018-12-11,32.85
2186,2018-12-12,32.85
2187,2018-12-13,32.85
2188,2018-12-14,32.84
2189,2018-12-15,32.85
2190,2018-12-16,32.85
2191,2018-12-17,32.85
2192,2018-12-18,32.85
2193,2018-12-19,32.85
2194,2018-12-20,32.85
2195,2018-12-21,32.86
2196,2018-12-22,32.85
2197,2018-12-23,32.86
2198,2018-12-24,32.86
2199,2018-12-25,32.86
2200,2018-12-26,32.86
2201,2018-12-27,32.85
2202,2018-12-28,32.85
2203,2018-12-29,32.85
2204,2018-12-30,32.84
2205,2018-12-31,32.84
2206,2019-01-01,32.84
2207,2019-01-02,32.84
2208,2019-01-03,32.83
2209,2019-01-04,32.84
2210,2019-01-05,32.83
2211,2019-01-06,32.83
2212,2019-01-07,32.83
2213,2019-01-08,32.83
2214,2019-01-09,32.83
2215,2019-01-10,32.83
2216,2019-01-11,32.83
2217,2019-01-12,32.83
2218,2019-01-13,32.83
2219,2019-01-14,32.83
2220,2019-01-15,32.82
2221,2019-01-16,32.83
2222,2019-01-17,32.83
2223,2019-01-18,32.82
2224,2019-01-19,32.83
2225,2019-01-20,32.83
2226,2019-01-21,32.82
2227,2019-01-22,32.83
2228,2019-01-23,32.83
2229,2019-01-24,32.82
2230,2019-01-25,32.83
2231,2019-01-26,32.85
2232,2019-01-27,32.85
2233,2019-01-28,32.84
2234,2019-01-29,32.85
2235,2019-01-30,32.85
2236,2019-01-31,32.86
2237,2019-02-01,32.86
2238,2019-02-02,32.87
2239,2019-02-03,32.87
2240,2019-02-04,32.87
2241,2019-02-05,32.87
2242,2019-02-06,32.87
2243,2019-02-07,32.88
2244,2019-02-08,32.88
2245,2019-02-09,32.87
2246,2019-02-10,32.9
2247,2019-02-11,32.89
2248,2019-02-12,32.88
2249,2019-02-13,32.88
2250,2019-02-14,32.88
2251,2019-02-15,32.88
2252,2019-02-16,32.88
2253,2019-02-17,32.88
2254,2019-02-18,32.88
2255,2019-02-19,32.87
2256,2019-02-20,32.87
2257,2019-02-21,32.86
2258,2019-02-22,32.86
2259,2019-02-23,32.86
2260,2019-02-24,32.86
2261,2019-02-25,32.86
2262,2019-02-26,32.86
2263,2019-02-27,32.86
2264,2019-02-28,32.87
2265,2019-03-01,32.88
2266,2019-03-02,32.88
2267,2019-03-03,32.88
2268,2019-03-04,32.88
2269,2019-03-05,32.88
2270,2019-03-06,32.89
2271,2019-03-07,32.9
2272,2019-03-08,32.89
2273,2019-03-09,32.89
2274,2019-03-10,32.91
2275,2019-03-11,32.89
2276,2019-03-12,32.91
2277,2019-03-13,32.89
2278,2019-03-14,32.91
2279,2019-03-15,32.91
2280,2019-03-16,32.91
2281,2019-03-17,32.91
2282,2019-03-18,32.9
2283,2019-03-19,32.9
2284,2019-03-20,32.89
2285,2019-03-21,32.9
2286,2019-03-22,32.9
2287,2019-03-23,32.89
2288,2019-03-24,32.89
2289,2019-03-25,32.89
2290,2019-03-26,32.88
2291,2019-03-27,32.88
2292,2019-03-28,32.88
2293,2019-03-29,32.88
2294,2019-03-30,32.88
2295,2019-03-31,32.88
2296,2019-04-01,32.88
2297,2019-04-02,32.88
2298,2019-04-03,32.89
2299,2019-04-04,32.88
2300,2019-04-05,32.88
2301,2019-04-06,32.88
2302,2019-04-07,32.87
2303,2019-04-08,32.87
2304,2019-04-09,32.9
2305,2019-04-10,32.9
2306,2019-04-11,32.89
2307,2019-04-12,32.89
2308,2019-04-13,32.89
2309,2019-04-14,32.88
2310,2019-04-15,32.89
2311,2019-04-16,32.88
2312,2019-04-17,32.88
2313,2019-04-18,32.87
2314,2019-04-19,32.87
2315,2019-04-20,32.87
2316,2019-04-21,32.87
2317,2019-04-22,32.87
2318,2019-04-23,32.87
2319,2019-04-24,32.86
2320,2019-04-25,32.86
2321,2019-04-26,32.85
2322,2019-04-27,32.87
2323,2019-04-28,32.87
2324,2019-04-29,32.87
2325,2019-04-30,32.87
2326,2019-05-01,32.87
2327,2019-05-02,32.87
2328,2019-05-03,32.87
2329,2019-05-04,32.88
2330,2019-05-05,32.88
2331,2019-05-06,32.87
2332,2019-05-07,32.88
2333,2019-05-08,32.9
2334,2019-05-09,32.9
2335,2019-05-10,32.9
2336,2019-05-11,32.9
2337,2019-05-12,32.89
2338,2019-05-13,32.88
2339,2019-05-14,32.88
2340,2019-05-15,32.88
2341,2019-05-16,32.88
2342,2019-05-17,32.87
2343,2019-05-18,32.87
2344,2019-05-19,32.86
2345,2019-05-20,32.86
2346,2019-05-21,32.85
2347,2019-05-22,32.85
2348,2019-05-23,32.85
2349,2019-05-24,32.85
2350,2019-05-25,32.84
2351,2019-05-26,32.84
2352,2019-05-27,32.84
2353,2019-05-28,32.84
2354,2019-05-29,32.83
2355,2019-05-30,32.83
2356,2019-05-31,32.83
2357,2019-06-01,32.83
2358,2019-06-02,32.83
2359,2019-06-03,32.82
2360,2019-06-08,32.84
2361,2019-06-17,32.82
2362,2019-06-20,32.81
2363,2019-06-20,32.81
2364,2019-06-20,32.81
2365,2019-06-21,32.8
2366,2019-06-22,32.8
2367,2019-06-23,32.8
2368,2019-06-24,32.78
2369,2019-06-25,32.77
2370,2019-06-26,32.76
2371,2019-06-27,32.76
2372,2019-06-28,32.75
2373,2019-06-29,32.74
2374,2019-06-30,32.73
2375,2019-07-01,32.72
2376,2019-07-02,32.72
2377,2019-07-03,32.72
2378,2019-07-04,32.7
2379,2019-07-05,32.7
2380,2019-07-06,32.71
2381,2019-07-07,32.69
2382,2019-07-08,32.69
2383,2019-07-09,32.68
2384,2019-07-10,32.66
2385,2019-07-11,32.67
2386,2019-07-12,32.66
2387,2019-07-13,32.65
2388,2019-07-14,32.66
2389,2019-07-15,32.66
2390,2019-07-16,32.66
2391,2019-07-17,32.64
2392,2019-07-18,32.64
2393,2019-07-19,32.64
2394,2019-07-20,32.64
2395,2019-07-21,32.63
2396,2019-07-22,32.63
2397,2019-07-23,32.62
2398,2019-07-24,32.61
2399,2019-07-25,32.62
2400,2019-07-26,32.62
2401,2019-07-27,32.67
2402,2019-07-28,32.67
2403,2019-07-29,32.66
2404,2019-07-29,32.66
2405,2019-07-29,32.66
2406,2019-07-29,32.66
2407,2019-07-29,32.66
2408,2019-07-29,32.66
2409,2019-07-29,32.66
2410,2019-07-29,32.66
2411,2019-07-30,32.66
2412,2019-07-31,32.65
2413,2019-08-01,32.65
2414,2019-08-02,32.63
2415,2019-08-03,32.64
2416,2019-08-04,32.63
2417,2019-08-05,32.63
2418,2019-08-05,32.63
2419,2019-08-05,32.63
2420,2019-08-05,32.63
2421,2019-08-05,32.63
2422,2019-08-05,32.63
2423,2019-08-05,32.63
2424,2019-08-05,32.63
2425,2019-08-06,32.64
2426,2019-08-07,32.64
2427,2019-08-08,32.64
2428,2019-08-09,32.66
2429,2019-08-10,32.66
2430,2019-08-11,32.65
2431,2019-08-12,32.65
2432,2019-08-12,32.65
2433,2019-08-12,32.65
2434,2019-08-12,32.65
2435,2019-08-12,32.65
2436,2019-08-12,32.65
2437,2019-08-12,32.65
2438,2019-08-13,32.65
2439,2019-08-14,32.66
2440,2019-08-15,32.65
2441,2019-08-16,32.65
2442,2019-08-17,32.66
2443,2019-08-18,32.69
2444,2019-08-19,32.68
2445,2019-08-19,32.68
2446,2019-08-19,32.68
2447,2019-08-19,32.68
2448,2019-08-19,32.68
2449,2019-08-19,32.68
2450,2019-08-19,32.68
2451,2019-08-19,32.68
2452,2019-08-20,32.67
2453,2019-08-21,32.67
2454,2019-08-22,32.67
2455,2019-08-23,32.66
2456,2019-08-24,32.66
2457,2019-08-25,32.65
2458,2019-08-26,32.65
2459,2019-08-26,32.65
2460,2019-08-26,32.65
2461,2019-08-26,32.65
2462,2019-08-26,32.65
2463,2019-08-26,32.65
2464,2019-08-26,32.65
2465,2019-08-26,32.65
2466,2019-08-26,32.65
2467,2019-08-26,32.65
2468,2019-08-26,32.65
2469,2019-08-26,32.65
2470,2019-08-26,32.65
2471,2019-08-26,32.65
2472,2019-08-26,32.65
2473,2019-08-26,32.65
2474,2019-08-26,32.65
2475,2019-08-26,32.65
2476,2019-08-26,32.65
2477,2019-08-26,32.65
2478,2019-08-26,32.65
2479,2019-08-26,32.65
2480,2019-08-27,32.64
2481,2019-08-28,32.64
2482,2019-08-29,32.63
2483,2019-08-30,32.63
2484,2019-08-31,32.64
2485,2019-09-01,32.63
2486,2019-09-02,32.62
2487,2019-09-03,32.62
2488,2019-09-04,32.63
2489,2019-09-05,32.62
2490,2019-09-06,32.62
2491,2019-09-07,32.62
2492,2019-09-08,32.62
2493,2019-09-09,32.62
2494,2019-09-10,32.62
2495,2019-09-11,32.61
2496,2019-09-12,32.61
2497,2019-09-13,32.61
2498,2019-09-14,32.61
2499,2019-09-15,32.61
2500,2019-09-16,32.59
2501,2019-09-16,32.59
2502,2019-09-16,32.59
2503,2019-09-16,32.59
2504,2019-09-16,32.59
2505,2019-09-16,32.6
2506,2019-09-17,32.59
2507,2019-09-18,32.59
2508,2019-09-19,32.59
2509,2019-09-20,32.6
2510,2019-09-21,32.6
2511,2019-09-22,32.6
2512,2019-09-23,32.6
2513,2019-09-23,32.6
2514,2019-09-23,32.6
2515,2019-09-23,32.6
2516,2019-09-23,32.6
2517,2019-09-23,32.6
2518,2019-09-23,32.6
2519,2019-09-23,32.6
2520,2019-09-24,32.62
2521,2019-09-25,32.62
2522,2019-09-26,32.62
2523,2019-09-27,32.63
2524,2019-09-28,32.62
2525,2019-09-29,32.63
2526,2019-09-30,32.61
2527,2019-09-30,32.61
2528,2019-09-30,32.61
2529,2019-09-30,32.61
2530,2019-09-30,32.61
2531,2019-09-30,32.61
2532,2019-09-30,32.61
2533,2019-09-30,32.61
2534,2019-09-30,32.61
2535,2019-09-30,32.61
2536,2019-09-30,32.61
2537,2019-09-30,32.61
2538,2019-09-30,32.61
2539,2019-09-30,32.61
2540,2019-09-30,32.61
2541,2019-09-30,32.61
2542,2019-09-30,32.63
2543,2019-10-01,32.64
2544,2019-10-02,32.64
2545,2019-10-03,32.64
2546,2019-10-04,32.65
2547,2019-10-05,32.64
2548,2019-10-06,32.65
2549,2019-10-07,32.65
2550,2019-10-08,32.69
2551,2019-10-09,32.7
2552,2019-10-10,32.69
2553,2019-10-11,32.69
2554,2019-10-12,32.69
2555,2019-10-13,32.69
2556,2019-10-14,32.68
2557,2019-10-14,32.68
2558,2019-10-15,32.69
2559,2019-10-16,32.73
2560,2019-10-17,32.73
2561,2019-10-18,32.73
2562,2019-10-19,32.73
2563,2019-10-20,32.73
2564,2019-10-21,32.73
2565,2019-10-21,32.73
2566,2019-10-21,32.73
2567,2019-10-21,32.73
2568,2019-10-21,32.73
2569,2019-10-21,32.73
2570,2019-10-21,32.73
2571,2019-10-21,32.73
2572,2019-10-21,32.73
2573,2019-10-21,32.74
2574,2019-10-22,32.74
2575,2019-10-23,32.74
2576,2019-10-24,32.74
2577,2019-10-25,32.73
2578,2019-10-26,32.73
2579,2019-10-27,32.75
2580,2019-10-28,32.75
2581,2019-10-29,32.75
2582,2019-10-30,32.74
2583,2019-10-31,32.74
2584,2019-11-01,32.76
2585,2019-11-02,32.77
2586,2019-11-03,32.77
2587,2019-11-04,32.77
2588,2019-11-04,32.77
2589,2019-11-04,32.77
2590,2019-11-04,32.78
2591,2019-11-05,32.77
2592,2019-11-06,32.77
2593,2019-11-07,32.78
2594,2019-11-08,32.77
2595,2019-11-09,32.77
2596,2019-11-10,32.77
2597,2019-11-11,32.77
2598,2019-11-12,32.76
2599,2019-11-12,32.76
2600,2019-11-12,32.76
2601,2019-11-12,32.76
2602,2019-11-12,32.76
2603,2019-11-12,32.76
2604,2019-11-12,32.76
2605,2019-11-12,32.76
2606,2019-11-12,32.76
2607,2019-11-12,32.77
2608,2019-11-13,32.77
2609,2019-11-14,32.78
2610,2019-11-15,32.8
2611,2019-11-16,32.8
2612,2019-11-17,32.8
2613,2019-11-18,32.79
2614,2019-11-18,32.79
2615,2019-11-18,32.79
2616,2019-11-18,32.79
2617,2019-11-18,32.79
2618,2019-11-18,32.79
2619,2019-11-18,32.79
2620,2019-11-19,32.79
2621,2019-11-20,32.8
2622,2019-11-21,32.79
2623,2019-11-22,32.79
2624,2019-11-23,32.79
2625,2019-11-24,32.79
2626,2019-11-25,32.78
2627,2019-11-25,32.78
2628,2019-11-25,32.78
2629,2019-11-25,32.78
2630,2019-11-25,32.78
2631,2019-11-25,32.78
2632,2019-11-25,32.78
2633,2019-11-25,32.78
2634,2019-11-25,32.78
2635,2019-11-25,32.78
2636,2019-11-25,32.78
2637,2019-11-25,32.78
2638,2019-11-25,32.78
2639,2019-11-25,32.78
2640,2019-11-25,32.78
2641,2019-11-25,32.78
2642,2019-11-25,32.78
2643,2019-11-25,32.78
2644,2019-11-25,32.78
2645,2019-11-25,32.79
2646,2019-11-26,32.79
2647,2019-11-27,32.81
2648,2019-11-28,32.81
2649,2019-11-29,32.8
2650,2019-11-30,32.8
2651,2019-12-01,32.8
2652,2019-12-02,32.79
2653,2019-12-03,32.79
2654,2019-12-04,32.8
2655,2019-12-05,32.79
2656,2019-12-06,32.8
2657,2019-12-07,32.8
2658,2019-12-08,32.8
2659,2019-12-09,32.81
2660,2019-12-09,32.81
2661,2019-12-09,32.81
2662,2019-12-09,32.81
2663,2019-12-10,32.81
2664,2019-12-11,32.82
2665,2019-12-12,32.85
2666,2019-12-13,32.86
2667,2019-12-14,32.85
2668,2019-12-15,32.85
2669,2019-12-16,32.84
2670,2019-12-16,32.84
2671,2019-12-16,32.84
2672,2019-12-16,32.84
2673,2019-12-16,32.84
2674,2019-12-16,32.84
2675,2019-12-16,32.84
2676,2019-12-16,32.84
2677,2019-12-16,32.84
2678,2019-12-16,32.84
2679,2019-12-16,32.84
2680,2019-12-16,32.84
2681,2019-12-16,32.84
2682,2019-12-16,32.84
2683,2019-12-16,32.84
2684,2019-12-16,32.84
2685,2019-12-16,32.84
2686,2019-12-16,32.84
2687,2019-12-16,32.84
2688,2019-12-16,32.84
2689,2019-12-16,32.84
2690,2019-12-16,32.85
2691,2019-12-17,32.85
2692,2019-12-18,32.84
2693,2019-12-19,32.84
2694,2019-12-20,32.87
2695,2019-12-21,32.87
2696,2019-12-22,32.87
2697,2019-12-23,32.86
2698,2019-12-24,32.87
2699,2019-12-25,32.86
2700,2019-12-26,32.86
2701,2019-12-27,32.89
2702,2019-12-28,32.88
2703,2019-12-29,32.88
2704,2019-12-30,32.87
2705,2019-12-31,32.87
2706,2020-01-01,32.87
2707,2020-01-02,32.87
2708,2020-01-03,32.87
2709,2020-01-04,32.86
2710,2020-01-05,32.86
2711,2020-01-06,32.86
2712,2020-01-06,32.86
2713,2020-01-06,32.86
2714,2020-01-06,32.86
2715,2020-01-06,32.86
2716,2020-01-06,32.86
2717,2020-01-06,32.86
2718,2020-01-06,32.86
2719,2020-01-06,32.86
2720,2020-01-06,32.86
2721,2020-01-06,32.87
2722,2020-01-07,32.86
2723,2020-01-08,32.86
2724,2020-01-09,32.87
2725,2020-01-10,32.87
2726,2020-01-11,32.86
2727,2020-01-12,32.87
2728,2020-01-13,32.87
2729,2020-01-14,32.87
2730,2020-01-15,32.86
2731,2020-01-16,32.85
2732,2020-01-16,32.85
2733,2020-01-16,32.85
2734,2020-01-16,32.85
2735,2020-01-16,32.85
2736,2020-01-16,32.86
2737,2020-01-17,32.86
2738,2020-01-18,32.85
2739,2020-01-19,32.85
2740,2020-01-20,32.85
2741,2020-01-21,32.85
2742,2020-01-21,32.85
2743,2020-01-21,32.85
2744,2020-01-21,32.85
2745,2020-01-21,32.85
2746,2020-01-22,32.85
2747,2020-01-23,32.86
2748,2020-01-24,32.86
2749,2020-01-25,32.85
2750,2020-01-26,32.85
2751,2020-01-27,32.85
2752,2020-01-27,32.85
2753,2020-01-27,32.85
2754,2020-01-27,32.85
2755,2020-01-27,32.85
2756,2020-01-27,32.85
2757,2020-01-27,32.85
2758,2020-01-27,32.88
2759,2020-01-28,32.88
2760,2020-01-29,32.87
2761,2020-01-30,32.88
2762,2020-01-31,32.87
2763,2020-02-01,32.89
2764,2020-02-02,32.91
2765,2020-02-03,32.9
2766,2020-02-03,32.9
2767,2020-02-03,32.9
2768,2020-02-03,32.9
2769,2020-02-03,32.9
2770,2020-02-03,32.9
2771,2020-02-03,32.91
2772,2020-02-04,32.92
2773,2020-02-05,32.91
2774,2020-02-06,32.91
2775,2020-02-07,32.91
2776,2020-02-08,32.91
2777,2020-02-09,32.92
2778,2020-02-10,32.91
2779,2020-02-10,32.91
2780,2020-02-10,32.91
2781,2020-02-10,32.91
2782,2020-02-10,32.91
2783,2020-02-10,32.91
2784,2020-02-10,32.91
2785,2020-02-10,32.93
2786,2020-02-11,32.93
2787,2020-02-12,32.93
2788,2020-02-13,32.95
2789,2020-02-14,32.93
2790,2020-02-15,32.94
2791,2020-02-16,32.94
2792,2020-02-17,32.94
2793,2020-02-17,32.94
2794,2020-02-17,32.94
2795,2020-02-17,32.94
2796,2020-02-17,32.94
2797,2020-02-17,32.94
2798,2020-02-17,32.94
2799,2020-02-17,32.94
2800,2020-02-17,32.94
2801,2020-02-17,32.94
2802,2020-02-17,32.94
2803,2020-02-18,32.94
2804,2020-02-19,32.94
2805,2020-02-20,32.95
2806,2020-02-21,32.94
2807,2020-02-22,32.94
2808,2020-02-23,32.94
2809,2020-02-24,32.95
2810,2020-02-25,32.95
2811,2020-02-26,32.94
2812,2020-02-26,32.95
2813,2020-02-27,32.97
2814,2020-02-27,32.97
2815,2020-02-27,32.97
2816,2020-02-27,32.97
2817,2020-02-27,32.97
2818,2020-02-27,32.97
2819,2020-02-27,32.97
2820,2020-02-27,32.97
2821,2020-02-27,32.97
2822,2020-02-27,32.99
2823,2020-02-28,32.97
2824,2020-02-29,32.98
2825,2020-03-01,32.99
2826,2020-03-02,33.0
2827,2020-03-03,32.99
2828,2020-03-04,32.99
2829,2020-03-05,33.02
2830,2020-03-06,33.01
2831,2020-03-07,33.0
2832,2020-03-08,33.01
2833,2020-03-09,33.01
2834,2020-03-09,33.01
2835,2020-03-10,33.02
2836,2020-03-11,33.01
2837,2020-03-12,33.01
2838,2020-03-13,33.0
2839,2020-03-14,33.0
2840,2020-03-15,33.01
2841,2020-03-16,33.0
2842,2020-03-16,33.0
2843,2020-03-16,33.0
2844,2020-03-16,33.0
2845,2020-03-16,33.0
2846,2020-03-16,33.0
2847,2020-03-16,33.0
2848,2020-03-16,33.0
2849,2020-03-17,32.99
2850,2020-03-18,33.0
2851,2020-03-19,33.0
2852,2020-03-20,33.0
2853,2020-03-21,33.0
2854,2020-03-22,32.99
2855,2020-03-23,32.99
2856,2020-03-24,32.98
2857,2020-03-24,32.98
2858,2020-03-24,32.98
2859,2020-03-24,32.98
2860,2020-03-24,32.98
2861,2020-03-24,32.98
2862,2020-03-24,32.99
2863,2020-03-25,32.99
2864,2020-03-26,32.99
2865,2020-03-27,32.98
2866,2020-03-28,32.98
2867,2020-03-29,32.97
2868,2020-03-30,32.97
2869,2020-03-30,32.97
2870,2020-03-30,32.97
2871,2020-03-30,32.97
2872,2020-03-30,32.97
2873,2020-03-30,32.97
2874,2020-03-30,32.97
2875,2020-03-30,32.97
2876,2020-03-30,32.97
2877,2020-03-30,32.98
2878,2020-03-31,32.98
2879,2020-04-01,32.98
2880,2020-04-02,32.98
2881,2020-04-03,32.98
2882,2020-04-04,32.98
2883,2020-04-05,32.98
2884,2020-04-06,32.98
2885,2020-04-06,32.98
2886,2020-04-06,32.98
2887,2020-04-06,32.98
2888,2020-04-06,32.98
2889,2020-04-06,32.98
2890,2020-04-06,32.98
2891,2020-04-06,32.98
2892,2020-04-07,32.98
2893,2020-04-08,32.98
2894,2020-04-09,32.97
2895,2020-04-10,32.97
2896,2020-04-11,32.97
2897,2020-04-12,32.97
2898,2020-04-13,32.97
2899,2020-04-13,32.97
2900,2020-04-13,32.97
2901,2020-04-13,32.97
2902,2020-04-13,32.97
2903,2020-04-13,32.97
2904,2020-04-13,32.97
2905,2020-04-14,32.96
2906,2020-04-15,32.97
2907,2020-04-16,32.97
2908,2020-04-17,32.97
2909,2020-04-18,32.96
2910,2020-04-19,32.97
2911,2020-04-20,32.96
2912,2020-04-20,32.96
2913,2020-04-20,32.96
2914,2020-04-20,32.96
2915,2020-04-20,32.96
2916,2020-04-20,32.96
2917,2020-04-20,32.96
2918,2020-04-20,32.96
2919,2020-04-20,32.96
2920,2020-04-20,32.97
2921,2020-04-21,32.96
2922,2020-04-22,32.96
2923,2020-04-23,32.95
2924,2020-04-24,32.96
2925,2020-04-25,32.95
2926,2020-04-26,32.95
2927,2020-04-27,32.95
2928,2020-04-28,32.96
2929,2020-04-28,32.96
2930,2020-04-28,32.96
2931,2020-04-28,32.96
2932,2020-04-28,32.96
2933,2020-04-28,32.96
2934,2020-04-28,32.96
2935,2020-04-29,32.97
2936,2020-04-30,32.98
2937,2020-05-01,32.99
2938,2020-05-02,32.98
2939,2020-05-03,32.98
2940,2020-05-04,32.98
2941,2020-05-05,32.98
2942,2020-05-06,32.97
2943,2020-05-07,32.97
2944,2020-05-08,32.97
2945,2020-05-09,32.98
2946,2020-05-10,32.99
2947,2020-05-11,32.99
2948,2020-05-12,32.97
2949,2020-05-13,32.97
2950,2020-05-14,32.96
2951,2020-05-15,32.96
2952,2020-05-16,32.95
2953,2020-05-17,32.95
2954,2020-05-18,32.95
2955,2020-05-19,32.95
2956,2020-05-20,32.94
2957,2020-05-21,32.93
2958,2020-05-22,32.93
2959,2020-05-23,32.93
2960,2020-05-24,32.92
2961,2020-05-25,32.91
2962,2020-05-26,32.91
2963,2020-05-27,32.91
2964,2020-05-28,32.91
2965,2020-05-29,32.9
2966,2020-05-30,32.89
2967,2020-05-31,32.88
2968,2020-06-01,32.88
2969,2020-06-02,32.87
2970,2020-06-03,32.87
2971,2020-06-04,32.86
2972,2020-06-05,32.88
2973,2020-06-06,32.88
2974,2020-06-07,32.87
2975,2020-06-08,32.86
2976,2020-06-09,32.87
2977,2020-06-10,32.87
2978,2020-06-11,32.86
2979,2020-06-12,32.87
2980,2020-06-13,32.87
2981,2020-06-14,32.87
2982,2020-06-15,32.87
2983,2020-06-16,32.87
2984,2020-06-17,32.87
2985,2020-06-18,32.87
2986,2020-06-19,32.85
2987,2020-06-20,32.85
2988,2020-06-21,32.85
2989,2020-06-22,32.86
2990,2020-06-23,32.84
2991,2020-06-24,32.84
2992,2020-06-25,32.84
2993,2020-06-26,32.82
2994,2020-06-27,32.83
2995,2020-06-28,32.84
2996,2020-06-29,32.85
2997,2020-06-30,32.84
2998,2020-07-01,32.84
2999,2020-07-02,32.85
3000,2020-07-03,32.85
3001,2020-07-04,32.83
3002,2020-07-05,32.84
3003,2020-07-06,32.84
3004,2020-07-07,32.82
3005,2020-07-08,32.81
3006,2020-07-09,32.81
3007,2020-07-10,32.8
3008,2020-07-11,32.79
3009,2020-07-12,32.79
3010,2020-07-13,32.8
3011,2020-07-14,32.79
3012,2020-07-15,32.79
3013,2020-07-16,32.78
3014,2020-07-17,32.77
3015,2020-07-18,32.76
3016,2020-07-19,32.76
3017,2020-07-20,32.77
3018,2020-07-21,32.77
3019,2020-07-22,32.75
3020,2020-07-23,32.74
3021,2020-07-24,32.73
3022,2020-07-25,32.74
3023,2020-07-26,32.75
3024,2020-07-27,32.76
3025,2020-07-28,32.74
3026,2020-07-29,32.72
3027,2020-07-30,32.71
3028,2020-07-31,32.7
3029,2020-08-01,32.7
3030,2020-08-02,32.71
3031,2020-08-03,32.71
3032,2020-08-04,32.72
3033,2020-08-05,32.72
3034,2020-08-06,32.71
3035,2020-08-07,32.71
3036,2020-08-08,32.7
3037,2020-08-09,32.7
3038,2020-08-10,32.74
3039,2020-08-11,32.74
3040,2020-08-12,32.74
3041,2020-08-13,32.74
3042,2020-08-14,32.73
3043,2020-08-15,32.74
3044,2020-08-16,32.74
3045,2020-08-17,32.75
3046,2020-08-18,32.75
3047,2020-08-19,32.75
3048,2020-08-20,32.75
3049,2020-08-21,32.74
3050,2020-08-22,32.73
3051,2020-08-23,32.73
3052,2020-08-24,32.74
3053,2020-08-25,32.74
3054,2020-08-26,32.73
3055,2020-08-27,32.73
3056,2020-08-28,32.73
3057,2020-08-29,32.73
3058,2020-08-30,32.74
3059,2020-08-31,32.74
3060,2020-09-01,32.74
3061,2020-09-02,32.73
3062,2020-09-03,32.73
3063,2020-09-04,32.73
3064,2020-09-05,32.72
3065,2020-09-06,32.72
3066,2020-09-07,32.72
3067,2020-09-08,32.72
3068,2020-09-09,32.71
3069,2020-09-10,32.69
3070,2020-09-11,32.69
3071,2020-09-12,32.69
3072,2020-09-13,32.68
3073,2020-09-14,32.69
3074,2020-09-15,32.68
3075,2020-09-16,32.68
3076,2020-09-17,32.67
3077,2020-09-18,32.67
3078,2020-09-19,32.67
3079,2020-09-20,32.65
3080,2020-09-21,32.65
3081,2020-09-22,32.66
3082,2020-09-23,32.66
3083,2020-09-24,32.67
3084,2020-09-25,32.69
3085,2020-09-26,32.69
3086,2020-09-27,32.7
3087,2020-09-28,32.7
3088,2020-09-29,32.7
3089,2020-09-30,32.71
3090,2020-10-01,32.72
3091,2020-10-02,32.75
3092,2020-10-03,32.76
3093,2020-10-04,32.75
3094,2020-10-05,32.74
3095,2020-10-06,32.77
3096,2020-10-07,32.75
3097,2020-10-08,32.75
3098,2020-10-09,32.75
3099,2020-10-10,32.75
3100,2020-10-11,32.75
3101,2020-10-12,32.75
3102,2020-10-13,32.75
3103,2020-10-14,32.75
3104,2020-10-15,32.75
3105,2020-10-16,32.74
3106,2020-10-17,32.74
3107,2020-10-18,32.74
3108,2020-10-19,32.74
3109,2020-10-20,32.75
3110,2020-10-21,32.77
3111,2020-10-22,32.76
3112,2020-10-23,32.77
3113,2020-10-24,32.76
3114,2020-10-25,32.77
3115,2020-10-26,32.78
3116,2020-10-27,32.77
3117,2020-10-28,32.77
3118,2020-10-29,32.76
3119,2020-10-30,32.76
3120,2020-10-31,32.77
3121,2020-11-01,32.77
3122,2020-11-02,32.77
3123,2020-11-03,32.76
3124,2020-11-04,32.76
3125,2020-11-05,32.75
3126,2020-11-06,32.76
3127,2020-11-07,32.76
3128,2020-11-08,32.76
3129,2020-11-09,32.76
3130,2020-11-10,32.75
3131,2020-11-11,32.76
3132,2020-11-12,32.76
3133,2020-11-13,32.76
3134,2020-11-14,32.76
3135,2020-11-15,32.77
3136,2020-11-16,32.77
3137,2020-11-17,32.77
3138,2020-11-18,32.77
3139,2020-11-19,32.76
3140,2020-11-20,32.76
3141,2020-11-21,32.76
3142,2020-11-22,32.76
3143,2020-11-23,32.76
3144,2020-11-24,32.76
3145,2020-11-25,32.76
3146,2020-11-26,32.76
3147,2020-11-27,32.76
3148,2020-11-28,32.76
3149,2020-11-29,32.75
3150,2020-11-30,32.75
3151,2020-12-01,32.76
3152,2020-12-02,32.71
3153,2020-12-03,32.67
3154,2020-12-04,32.69
3155,2020-12-05,32.77
3156,2020-12-06,32.77
3157,2020-12-07,32.73
3158,2020-12-08,32.76
3159,2020-12-09,32.81
3160,2020-12-10,32.72
3161,2020-12-11,32.77
3162,2020-12-12,32.81
3163,2020-12-13,32.85
3164,2020-12-14,32.77
3165,2020-12-15,32.77
3166,2020-12-16,32.78
3167,2020-12-17,32.77
3168,2020-12-18,32.8
3169,2020-12-19,32.76
3170,2020-12-20,32.75
3171,2020-12-21,32.8
3172,2020-12-22,32.58
3173,2020-12-23,32.71
3174,2020-12-24,32.84
3175,2020-12-25,32.83
3176,2020-12-26,32.82
3177,2020-12-27,32.84
3178,2020-12-28,32.85
3179,2020-12-29,32.85
3180,2020-12-30,32.84
3181,2020-12-31,32.86
3182,2021-01-01,32.86
3183,2021-01-02,32.87
3184,2021-01-03,32.85
3185,2021-01-04,32.84
3186,2021-01-05,32.84
3187,2021-01-06,32.84
3188,2021-01-07,32.88
3189,2021-01-08,32.87
3190,2021-01-09,32.89
3191,2021-01-10,32.83
3192,2021-01-11,32.84
3193,2021-01-12,32.75
3194,2021-01-13,32.96
3195,2021-01-14,32.79
3196,2021-01-15,32.94
3197,2021-01-16,32.95
3198,2021-01-17,32.79
3199,2021-01-18,32.99
3200,2021-01-19,32.86
3201,2021-01-20,32.86
3202,2021-01-21,32.86
3203,2021-01-22,32.87
3204,2021-01-23,32.87
3205,2021-01-24,32.87
3206,2021-01-25,32.87
3207,2021-01-26,32.86
3208,2021-01-27,32.88
3209,2021-01-28,32.77
3210,2021-01-29,32.89
3211,2021-01-30,32.9
3212,2021-01-31,32.94
3213,2021-02-01,32.95
3214,2021-02-02,32.94
3215,2021-02-03,32.94
3216,2021-02-04,32.95
3217,2021-02-05,32.95
3218,2021-02-06,32.95
3219,2021-02-07,32.96
3220,2021-02-08,32.96
3221,2021-02-09,32.95
3222,2021-02-10,32.94
3223,2021-02-11,32.92
3224,2021-02-12,32.92
3225,2021-02-13,32.91
3226,2021-02-14,32.91
3227,2021-02-15,32.91
3228,2021-02-16,32.92
3229,2021-02-17,32.94
3230,2021-02-18,32.91
3231,2021-02-19,33.0
3232,2021-02-20,32.97
3233,2021-02-21,32.94
3234,2021-02-22,32.92
3235,2021-02-23,32.92
3236,2021-02-24,32.91
3237,2021-02-25,32.91
3238,2021-02-26,32.91
3239,2021-02-27,32.91
3240,2021-02-28,32.91
3241,2021-03-01,32.91
3242,2021-03-02,32.91
3243,2021-03-03,32.91
3244,2021-03-04,32.91
3245,2021-03-05,32.91
3246,2021-03-06,32.9
3247,2021-03-07,32.91
3248,2021-03-08,32.9
3249,2021-03-09,32.91
3250,2021-03-10,32.9
3251,2021-03-11,32.91
3252,2021-03-12,32.91
3253,2021-03-13,32.93
3254,2021-03-14,32.92
3255,2021-03-15,32.92
3256,2021-03-16,32.92
3257,2021-03-17,32.92
3258,2021-03-18,32.92
3259,2021-03-19,32.93
3260,2021-03-20,32.92
3261,2021-03-21,32.92
3262,2021-03-22,32.92
3263,2021-03-23,32.92
3264,2021-03-24,32.92
3265,2021-03-25,32.92
3266,2021-03-26,32.92
3267,2021-03-27,32.91
3268,2021-03-28,32.91
3269,2021-03-29,32.91
3270,2021-03-30,32.91
3271,2021-03-31,32.9
3272,2021-04-01,32.9
3273,2021-04-02,32.89
3274,2021-04-03,32.89
3275,2021-04-04,32.89
3276,2021-04-05,32.9
3277,2021-04-06,32.89
3278,2021-04-07,32.88
3279,2021-04-08,32.89
3280,2021-04-09,32.89
3281,2021-04-10,32.9
3282,2021-04-11,32.92
3283,2021-04-12,32.91
3284,2021-04-13,32.91
3285,2021-04-14,32.91
3286,2021-04-15,32.9
3287,2021-04-16,32.9
3288,2021-04-17,32.9
3289,2021-04-18,32.9
3290,2021-04-19,32.9
3291,2021-04-20,32.89
3292,2021-04-21,32.89
3293,2021-04-22,32.88
3294,2021-04-23,32.88
3295,2021-04-24,32.88
3296,2021-04-25,32.88
3297,2021-04-26,32.88
3298,2021-04-27,32.88
3299,2021-04-28,32.87
3300,2021-04-29,32.87
3301,2021-04-30,32.87
3302,2021-05-01,32.87
3303,2021-05-02,32.87
3304,2021-05-03,32.87
3305,2021-05-04,32.88
3306,2021-05-05,32.87
3307,2021-05-06,32.87
3308,2021-05-07,32.87
3309,2021-05-08,32.88
3310,2021-05-09,32.88
3311,2021-05-10,32.87
3312,2021-05-11,32.87
3313,2021-05-12,32.86
3314,2021-05-13,32.87
3315,2021-05-14,32.87
3316,2021-05-15,32.87
3317,2021-05-16,32.88
3318,2021-05-17,32.88
3319,2021-05-18,32.87
3320,2021-05-19,32.88
3321,2021-05-20,32.89
3322,2021-05-21,32.89
3323,2021-05-22,32.88
3324,2021-05-23,32.88
3325,2021-05-24,32.88
3326,2021-05-25,32.88
3327,2021-05-26,32.9
3328,2021-05-27,32.89
3329,2021-05-28,32.88
3330,2021-05-29,32.88
3331,2021-05-30,32.87
3332,2021-05-31,32.87
3333,2021-06-01,32.86
3334,2021-06-02,32.86
3335,2021-06-03,32.87
3336,2021-06-04,32.87
3337,2021-06-05,32.9
3338,2021-06-06,32.89
3339,2021-06-07,32.88
3340,2021-06-08,32.88
3341,2021-06-09,32.87
3342,2021-06-10,32.87
3343,2021-06-11,32.86
3344,2021-06-12,32.86
3345,2021-06-13,32.85
3346,2021-06-14,32.85
3347,2021-06-15,32.84
3348,2021-06-16,32.84
3349,2021-06-17,32.84
3350,2021-06-18,32.87
3351,2021-06-19,32.86
3352,2021-06-20,32.87
3353,2021-06-21,32.87
3354,2021-06-22,32.85
3355,2021-06-23,32.87
3356,2021-06-24,32.86
3357,2021-06-25,32.86
3358,2021-06-26,32.87
3359,2021-06-27,32.87
3360,2021-06-28,32.87
3361,2021-06-29,32.87
3362,2021-06-30,32.88
3363,2021-07-01,32.88
3364,2021-07-02,32.88
3365,2021-07-03,32.87
3366,2021-07-04,32.87
3367,2021-07-05,32.93
3368,2021-07-06,32.92
3369,2021-07-07,32.9
3370,2021-07-08,32.91
3371,2021-07-09,32.9
3372,2021-07-10,32.91
3373,2021-07-11,32.91
3374,2021-07-12,32.91
3375,2021-07-13,32.92
3376,2021-07-14,32.95
3377,2021-07-15,32.89
3378,2021-07-16,32.92
3379,2021-07-17,32.91
3380,2021-07-18,32.9
3381,2021-07-19,32.9
3382,2021-07-20,32.89
3383,2021-07-21,32.88
3384,2021-07-22,32.86
3385,2021-07-23,32.85
3386,2021-07-24,32.86
3387,2021-07-25,32.86
3388,2021-07-26,32.88
3389,2021-07-27,32.89
3390,2021-07-28,32.9
3391,2021-07-29,32.89
3392,2021-07-30,32.89
3393,2021-07-31,32.88
3394,2021-08-01,32.87
3395,2021-08-02,32.86
3396,2021-08-03,32.9
3397,2021-08-04,32.9
3398,2021-08-05,32.9
3399,2021-08-06,32.9
3400,2021-08-07,32.89
3401,2021-08-08,32.88
3402,2021-08-09,32.88
3403,2021-08-10,32.88
3404,2021-08-11,32.88
3405,2021-08-12,32.87
3406,2021-08-13,32.87
3407,2021-08-14,32.86
3408,2021-08-15,32.86
3409,2021-08-16,32.85
3410,2021-08-17,32.85
3411,2021-08-18,32.85
3412,2021-08-19,32.85
3413,2021-08-20,32.85
3414,2021-08-21,32.84
3415,2021-08-22,32.84
3416,2021-08-23,32.84
3417,2021-08-24,32.84
3418,2021-08-25,32.83
3419,2021-08-26,32.83
3420,2021-08-27,32.83
3421,2021-08-28,32.83
3422,2021-08-29,32.83
3423,2021-08-30,32.83
3424,2021-08-31,32.82
3425,2021-09-01,32.82
3426,2021-09-02,32.82
3427,2021-09-03,32.81
3428,2021-09-04,32.81
3429,2021-09-05,32.81
3430,2021-09-06,32.8
3431,2021-09-07,32.8
3432,2021-09-08,32.8
3433,2021-09-09,32.81
3434,2021-09-10,32.82
3435,2021-09-11,32.83
3436,2021-09-12,32.82
3437,2021-09-13,32.82
3438,2021-09-14,32.82
3439,2021-09-15,32.83
3440,2021-09-16,32.83
3441,2021-09-17,32.83
3442,2021-09-18,32.83
3443,2021-09-19,32.83
3444,2021-09-20,32.82
3445,2021-09-21,32.81
3446,2021-09-22,32.81
3447,2021-09-23,32.82
3448,2021-09-24,32.81
3449,2021-09-25,32.81
3450,2021-09-26,32.81
3451,2021-09-27,32.81
3452,2021-09-28,32.82
3453,2021-09-29,32.82
3454,2021-09-30,32.82
3455,2021-10-01,32.82
3456,2021-10-02,32.82
3457,2021-10-03,32.86
3458,2021-10-04,32.86
3459,2021-10-05,32.86
3460,2021-10-06,32.86
3461,2021-10-07,32.85
3462,2021-10-08,32.85
3463,2021-10-09,32.84
3464,2021-10-10,32.84
3465,2021-10-11,32.84
3466,2021-10-12,32.84
3467,2021-10-13,32.83
3468,2021-10-14,32.83
3469,2021-10-15,32.83
3470,2021-10-16,32.83
3471,2021-10-17,32.83
3472,2021-10-18,32.83
3473,2021-10-19,32.84
3474,2021-10-20,32.84
3475,2021-10-21,32.83
3476,2021-10-22,32.83
3477,2021-10-23,32.83
3478,2021-10-24,32.84
3479,2021-10-25,32.83
3480,2021-10-26,32.83
3481,2021-10-27,32.83
3482,2021-10-28,32.83
3483,2021-10-29,32.83
3484,2021-10-30,32.84
3485,2021-10-31,32.85
3486,2021-11-01,32.85
3487,2021-11-02,32.86
3488,2021-11-03,32.86
3489,2021-11-04,32.85
3490,2021-11-05,32.84
3491,2021-11-06,32.84
3492,2021-11-07,32.84
3493,2021-11-08,32.84
3494,2021-11-09,32.84
3495,2021-11-10,32.84
3496,2021-11-11,32.84
3497,2021-11-12,32.84
3498,2021-11-13,32.84
3499,2021-11-14,32.84
3500,2021-11-15,32.83
3501,2021-11-16,32.83
3502,2021-11-17,32.83
3503,2021-11-18,32.83
3504,2021-11-19,32.83
3505,2021-11-20,32.83
3506,2021-11-21,32.84
3507,2021-11-22,32.83
3508,2021-11-23,32.83
3509,2021-11-24,32.83
3510,2021-11-25,32.83
3511,2021-11-26,32.83
3512,2021-11-27,32.86
3513,2021-11-28,32.85
3514,2021-11-29,32.84
3515,2021-11-30,32.85
3516,2021-12-01,32.86
3517,2021-12-02,32.85
3518,2021-12-03,32.85
3519,2021-12-04,32.88
3520,2021-12-05,32.88
3521,2021-12-06,32.87
3522,2021-12-07,32.87
3523,2021-12-08,32.87
3524,2021-12-09,32.86
3525,2021-12-10,32.89
3526,2021-12-11,32.87
3527,2021-12-12,32.87
3528,2021-12-13,32.87
3529,2021-12-14,32.86
3530,2021-12-15,32.86
3531,2021-12-16,32.86
3532,2021-12-17,32.86
3533,2021-12-18,32.85
3534,2021-12-19,32.86
3535,2021-12-20,32.86
3536,2021-12-21,32.85
3537,2021-12-22,32.85
3538,2021-12-23,32.85
3539,2021-12-24,32.85
3540,2021-12-25,32.85
3541,2021-12-26,32.85
3542,2021-12-27,32.87
3543,2021-12-28,32.87
3544,2021-12-29,32.87
3545,2021-12-30,32.87
3546,2021-12-31,32.87
3547,2022-01-01,32.87
3548,2022-01-02,32.87
3549,2022-01-03,32.86
3550,2022-01-04,32.9
3551,2022-01-05,32.89
3552,2022-01-06,32.88
3553,2022-01-07,32.88
3554,2022-01-08,32.9
3555,2022-01-09,32.91
3556,2022-01-10,32.89
3557,2022-01-11,32.89
3558,2022-01-12,32.89
3559,2022-01-13,32.89
3560,2022-01-14,32.89
3561,2022-01-15,32.89
3562,2022-01-16,32.88
3563,2022-01-17,32.88
3564,2022-01-18,32.88
3565,2022-01-19,32.88
3566,2022-01-20,32.88
3567,2022-01-21,32.87
3568,2022-01-22,32.87
3569,2022-01-23,32.87
3570,2022-01-24,32.87
3571,2022-01-25,32.87
3572,2022-01-26,32.87
3573,2022-01-27,32.88
3574,2022-01-28,32.87
3575,2022-01-29,32.88
3576,2022-01-30,32.87
3577,2022-01-31,32.88
3578,2022-02-01,32.87
3579,2022-02-02,32.87
3580,2022-02-03,32.87
3581,2022-02-04,32.87
3582,2022-02-05,32.86
3583,2022-02-06,32.87
3584,2022-02-07,32.86
3585,2022-02-08,32.86
3586,2022-02-09,32.86
3587,2022-02-10,32.86
3588,2022-02-11,32.87
3589,2022-02-12,32.87
3590,2022-02-13,32.88
3591,2022-02-14,32.88
3592,2022-02-15,32.87
3593,2022-02-16,32.88
3594,2022-02-17,32.87
3595,2022-02-18,32.88
3596,2022-02-19,32.87
3597,2022-02-20,32.87
3598,2022-02-21,32.88
3599,2022-02-22,32.87
3600,2022-02-23,32.88
3601,2022-02-24,32.88
3602,2022-02-25,32.87
3603,2022-02-26,32.87
3604,2022-02-27,32.87
3605,2022-02-28,32.87
3606,2022-03-01,32.87
3607,2022-03-02,32.87
3608,2022-03-03,32.86
3609,2022-03-04,32.86
3610,2022-03-05,32.86
3611,2022-03-06,32.85
3612,2022-03-07,32.85
3613,2022-03-08,32.85
3614,2022-03-09,32.85
3615,2022-03-10,32.85
3616,2022-03-11,32.85
3617,2022-03-12,32.85
3618,2022-03-13,32.86
3619,2022-03-14,32.85
3620,2022-03-15,32.86
3621,2022-03-16,32.87
3622,2022-03-17,32.86
3623,2022-03-18,32.85
3624,2022-03-19,32.85
3625,2022-03-20,32.85
3626,2022-03-21,32.85
3627,2022-03-22,32.84
3628,2022-03-23,32.84
3629,2022-03-24,32.84
3630,2022-03-25,32.84
3631,2022-03-26,32.84
3632,2022-03-27,32.84
3633,2022-03-28,32.84
3634,2022-03-29,32.85
3635,2022-03-30,32.85
3636,2022-03-31,32.85
3637,2022-04-01,32.85
3638,2022-04-02,32.84
3639,2022-04-03,32.84
3640,2022-04-04,32.84
3641,2022-04-05,32.85
3642,2022-04-06,32.85
3643,2022-04-07,32.85
3644,2022-04-08,32.85
3645,2022-04-09,32.87
3646,2022-04-10,32.87
3647,2022-04-11,32.87
3648,2022-04-12,32.87
3649,2022-04-13,32.85
3650,2022-04-14,32.86
3651,2022-04-15,32.85
3652,2022-04-16,32.85
3653,2022-04-17,32.85
3654,2022-04-18,32.85
3655,2022-04-19,32.84
3656,2022-04-20,32.84
3657,2022-04-21,32.84
3658,2022-04-22,32.84
3659,2022-04-23,32.84
3660,2022-04-24,32.83
3661,2022-04-25,32.82
3662,2022-04-26,32.82
3663,2022-04-27,32.82
3664,2022-04-28,32.81
3665,2022-04-29,32.81
3666,2022-05-01,32.81
3667,2022-05-02,32.81
3668,2022-05-03,32.81
3669,2022-05-04,32.81
3670,2022-05-05,32.8
3671,2022-05-06,32.8
3672,2022-05-07,32.8
3673,2022-05-08,32.8
3674,2022-05-09,32.8
3675,2022-05-10,32.78
3676,2022-05-11,32.79
3677,2022-05-12,32.78
3678,2022-05-13,32.78
3679,2022-05-14,32.78
3680,2022-05-15,32.78
3681,2022-05-16,32.78
3682,2022-05-17,32.78
3683,2022-05-18,32.77
3684,2022-05-19,32.77
3685,2022-05-20,32.77
3686,2022-05-21,32.79
3687,2022-05-22,32.79
3688,2022-05-23,32.8
3689,2022-05-24,32.79
3690,2022-05-25,32.79
3691,2022-05-26,32.78
3692,2022-05-27,32.78
3693,2022-05-29,32.78
3694,2022-05-30,32.77
3695,2022-05-31,32.75
3696,2022-06-01,32.76
3697,2022-06-02,32.76
3698,2022-06-03,32.76
3699,2022-06-04,32.76
3700,2022-06-05,32.77
3701,2022-06-06,32.77
3702,2022-06-07,32.77
3703,2022-06-08,32.78
3704,2022-06-09,32.79
3705,2022-06-10,32.78
3706,2022-06-11,32.78
3707,2022-06-12,32.77
3708,2022-06-13,32.77
3709,2022-06-14,32.75
3710,2022-06-15,32.74
3711,2022-06-16,32.74
3712,2022-06-17,32.73
3713,2022-06-18,32.73
3714,2022-06-19,32.73
3715,2022-06-20,32.73
3716,2022-06-21,32.72
3717,2022-06-22,32.72
3718,2022-06-23,32.72
3719,2022-06-24,32.72
3720,2022-06-26,32.74
3721,2022-06-27,32.73
3722,2022-06-28,32.73
3723,2022-06-29,32.73
3724,2022-06-30,32.72
3725,2022-07-01,32.75
3726,2022-07-02,32.74
3727,2022-07-03,32.74
3728,2022-07-04,32.73
3729,2022-07-05,32.71
3730,2022-07-06,32.71
3731,2022-07-07,32.71
3732,2022-07-08,32.71
3733,2022-07-12,32.66
3734,2022-07-13,32.66
3735,2022-07-14,32.65
3736,2022-07-16,32.65
3737,2022-07-17,32.64
3738,2022-07-18,32.63
3739,2022-07-19,32.63
3740,2022-07-20,32.65
3741,2022-07-21,32.65
3742,2022-07-22,32.66
3743,2022-07-23,32.65
3744,2022-07-24,32.64
3745,2022-07-25,32.64
3746,2022-07-26,32.63
3747,2022-07-27,32.63
3748,2022-07-28,32.62
3749,2022-07-29,32.61
3750,2022-07-30,32.6
3751,2022-07-31,32.61
3752,2022-08-01,32.61
3753,2022-08-02,32.6
3754,2022-08-03,32.58
3755,2022-08-04,32.58
3756,2022-08-05,32.59
3757,2022-08-06,32.59
3758,2022-08-07,32.59
3759,2022-08-08,32.59
3760,2022-08-09,32.58
3761,2022-08-10,32.58
3762,2022-08-11,32.58
3763,2022-08-12,32.57
3764,2022-08-13,32.57
3765,2022-08-14,32.57
3766,2022-08-15,32.59
3767,2022-08-16,32.59
3768,2022-08-17,32.6
3769,2022-08-18,32.61
3770,2022-08-19,32.61
3771,2022-08-20,32.61
3772,2022-08-21,32.6
3773,2022-08-22,32.6
3774,2022-08-23,32.6
3775,2022-08-24,32.6
3776,2022-08-25,32.59
3777,2022-08-26,32.58
3778,2022-08-27,32.58
3779,2022-08-28,32.58
3780,2022-08-29,32.58
3781,2022-08-30,32.57
3782,2022-08-31,32.57
3783,2022-09-01,32.56
3784,2022-09-02,32.56
3785,2022-09-03,32.58
3786,2022-09-04,32.57
3787,2022-09-05,32.56
3788,2022-09-06,32.59
3789,2022-09-07,32.57
3790,2022-09-08,32.58
3791,2022-09-09,32.58
3792,2022-09-10,32.58
3793,2022-09-11,32.59
3794,2022-09-12,32.59
3795,2022-09-13,32.58
3796,2022-09-14,32.59
3797,2022-09-15,32.58
3798,2022-09-16,32.58
3799,2022-09-17,32.58
3800,2022-09-18,32.58
3801,2022-09-19,32.58
3802,2022-09-20,32.58
3803,2022-09-21,32.58
3804,2022-09-22,32.58
3805,2022-09-23,32.58
3806,2022-09-24,32.58
3807,2022-09-25,32.58
3808,2022-09-26,32.59
3809,2022-09-27,32.6
3810,2022-09-28,32.6
3811,2022-09-29,32.6
3812,2022-09-30,32.59
3813,2022-10-01,32.6
3814,2022-10-02,32.6
3815,2022-10-03,32.62
3816,2022-10-04,32.62
3817,2022-10-05,32.62
3818,2022-10-06,32.61
3819,2022-10-07,32.61
3820,2022-10-08,32.61
3821,2022-10-09,32.61
3822,2022-10-10,32.61
3823,2022-10-11,32.6
3824,2022-10-12,32.6
3825,2022-10-13,32.61
3826,2022-10-14,32.61
3827,2022-10-15,32.62
3828,2022-10-16,32.61
3829,2022-10-17,32.61
3830,2022-10-18,32.62
3831,2022-10-19,32.62
3832,2022-10-20,32.62
3833,2022-10-21,32.62
3834,2022-10-22,32.62
3835,2022-10-23,32.62
3836,2022-10-24,32.62
3837,2022-10-25,32.61
3838,2022-10-26,32.62
3839,2022-10-27,32.61
3840,2022-10-28,32.61
3841,2022-10-29,32.61
3842,2022-10-30,32.61
3843,2022-10-31,32.61
3844,2022-11-01,32.61
3845,2022-11-02,32.61
3846,2022-11-03,32.62
3847,2022-11-04,32.62
3848,2022-11-05,32.62
3849,2022-11-06,32.62
3850,2022-11-07,32.63
3851,2022-11-08,32.64
3852,2022-11-09,32.63
3853,2022-11-10,32.62
3854,2022-11-11,32.62
3855,2022-11-12,32.62
3856,2022-11-13,32.63
3857,2022-11-14,32.63
3858,2022-11-15,32.63
3859,2022-11-16,32.64
3860,2022-11-17,32.65
3861,2022-11-18,32.65
3862,2022-11-19,32.64
3863,2022-11-20,32.65
3864,2022-11-21,32.66
3865,2022-11-22,32.66
3866,2022-11-23,32.66
3867,2022-11-24,32.66
3868,2022-11-25,32.66
3869,2022-11-26,32.66
3870,2022-11-27,32.66
3871,2022-11-28,32.67
3872,2022-11-29,32.66
3873,2022-11-30,32.66
3874,2022-12-01,32.66
3875,2022-12-02,32.66
3876,2022-12-03,32.66
3877,2022-12-04,32.66
3878,2022-12-05,32.66
3879,2022-12-06,32.66
3880,2022-12-07,32.66
3881,2022-12-08,32.66
3882,2022-12-09,32.66
3883,2022-12-10,32.66
3884,2022-12-11,32.66
3885,2022-12-12,32.65
3886,2022-12-13,32.66
3887,2022-12-14,32.65
3888,2022-12-15,32.65
3889,2022-12-16,32.64
3890,2022-12-17,32.64
3891,2022-12-18,32.65
3892,2022-12-19,32.65
3893,2022-12-20,32.67
3894,2022-12-21,32.68
3895,2022-12-22,32.7
3896,2022-12-23,32.71
3897,2022-12-24,32.7
3898,2022-12-25,32.7
3899,2022-12-26,32.7
3900,2022-12-27,32.69
3901,2022-12-28,32.7
3902,2022-12-29,32.7
3903,2022-12-30,32.69
3904,2022-12-31,32.7
3905,2023-01-01,32.7
3906,2023-01-02,32.71
3907,2023-01-03,32.71
3908,2023-01-04,32.71
3909,2023-01-05,32.71
3910,2023-01-06,32.71
3911,2023-01-07,32.71
3912,2023-01-08,32.71
3913,2023-01-09,32.72
3914,2023-01-10,32.72
3915,2023-01-11,32.73
3916,2023-01-12,32.73
3917,2023-01-13,32.73
3918,2023-01-14,32.73
3919,2023-01-15,32.74
3920,2023-01-16,32.76
3921,2023-01-17,32.74
3922,2023-01-18,32.73
3923,2023-01-19,32.73
3924,2023-01-20,32.72
3925,2023-01-21,32.72
3926,2023-01-22,32.72
3927,2023-01-23,32.71
3928,2023-01-24,32.71
3929,2023-01-25,32.71
3930,2023-01-26,32.71
3931,2023-01-27,32.71
3932,2023-01-28,32.71
3933,2023-01-29,32.71
3934,2023-01-30,32.71
3935,2023-01-31,32.71
3936,2023-02-01,32.71
3937,2023-02-02,32.7
3938,2023-02-03,32.7
3939,2023-02-04,32.7
3940,2023-02-05,32.7
3941,2023-02-06,32.7
3942,2023-02-07,32.7
3943,2023-02-08,32.7
3944,2023-02-09,32.69
3945,2023-02-10,32.69
3946,2023-02-11,32.7
3947,2023-02-12,32.7
3948,2023-02-13,32.7
3949,2023-02-14,32.7
3950,2023-02-15,32.7
3951,2023-02-16,32.69
3952,2023-02-17,32.69
3953,2023-02-18,32.69
3954,2023-02-19,32.69
3955,2023-02-20,32.69
3956,2023-02-21,32.69
3957,2023-02-22,32.69
3958,2023-02-23,32.69
3959,2023-02-24,32.69
3960,2023-02-25,32.68
3961,2023-02-26,32.68
3962,2023-02-27,32.68
3963,2023-02-28,32.68
3964,2023-03-01,32.68
3965,2023-03-02,32.68
3966,2023-03-03,32.68
3967,2023-03-04,32.68
3968,2023-03-05,32.68
3969,2023-03-06,32.69
3970,2023-03-07,32.69
3971,2023-03-08,32.71
3972,2023-03-09,32.72
3973,2023-03-10,32.73
3974,2023-03-11,32.72
3975,2023-03-12,32.72
3976,2023-03-13,32.72
3977,2023-03-14,32.72
3978,2023-03-15,32.71
3979,2023-03-16,32.71
3980,2023-03-17,32.71
3981,2023-03-18,32.71
3982,2023-03-19,32.71
3983,2023-03-20,32.71
3984,2023-03-21,32.71
3985,2023-03-22,32.71
3986,2023-03-23,32.71
3987,2023-03-24,32.71
3988,2023-03-25,32.73
3989,2023-03-26,32.74
3990,2023-03-27,32.72
3991,2023-03-28,32.73
3992,2023-03-29,32.73
3993,2023-03-30,32.73
3994,2023-03-31,32.75
3995,2023-04-01,32.74
3996,2023-04-02,32.74
3997,2023-04-03,32.73
3998,2023-04-04,32.73
3999,2023-04-05,32.73
4000,2023-04-06,32.73
4001,2023-04-07,32.72
4002,2023-04-08,32.72
4003,2023-04-09,32.72
4004,2023-04-10,32.72
4005,2023-04-11,32.72
4006,2023-04-12,32.75
4007,2023-04-13,32.74
4008,2023-04-14,32.75
4009,2023-04-15,32.75
4010,2023-04-16,32.74
4011,2023-04-17,32.74
4012,2023-04-18,32.74
4013,2023-04-19,32.73
4014,2023-04-20,32.73
4015,2023-04-21,32.73
4016,2023-04-22,32.73
4017,2023-04-23,32.74
4018,2023-04-24,32.74
4019,2023-04-25,32.74
4020,2023-04-26,32.74
4021,2023-04-27,32.73
4022,2023-04-28,32.74
4023,2023-04-29,32.74
4024,2023-04-30,32.74
4025,2023-05-01,32.74
4026,2023-05-02,32.74
4027,2023-05-03,32.74
4028,2023-05-04,32.74
4029,2023-05-05,32.73
4030,2023-05-06,32.74
4031,2023-05-07,32.74
4032,2023-05-08,32.75
4033,2023-05-09,32.75
4034,2023-05-10,32.78
4035,2023-05-11,32.78
4036,2023-05-12,32.77
4037,2023-05-13,32.77
4038,2023-05-14,32.77
4039,2023-05-15,32.77
4040,2023-05-16,32.77
4041,2023-05-17,32.76
4042,2023-05-18,32.76
4043,2023-05-19,32.75
4044,2023-05-20,32.75
4045,2023-05-21,32.74
4046,2023-05-22,32.74
4047,2023-05-23,32.73
4048,2023-05-24,32.73
4049,2023-05-25,32.72
4050,2023-05-26,32.72
4051,2023-05-27,32.72
4052,2023-05-28,32.72
4053,2023-05-29,32.71
4054,2023-05-30,32.7
4055,2023-05-31,32.7
4056,2023-06-01,32.69
4057,2023-06-02,32.69
4058,2023-06-03,32.69
4059,2023-06-04,32.68
4060,2023-06-05,32.67
4061,2023-06-06,32.67
4062,2023-06-07,32.67
4063,2023-06-08,32.66
4064,2023-06-09,32.66
4065,2023-06-10,32.65
4066,2023-06-11,32.65
4067,2023-06-12,32.66
4068,2023-06-13,32.65
4069,2023-06-14,32.63
4070,2023-06-15,32.62
4071,2023-06-16,32.63
4072,2023-06-17,32.63
4073,2023-06-18,32.63
4074,2023-06-19,32.65
4075,2023-06-20,32.65
4076,2023-06-21,32.65
4077,2023-06-22,32.65
4078,2023-06-23,32.66
4079,2023-06-24,32.65
4080,2023-06-25,32.65
4081,2023-06-26,32.64
4082,2023-06-27,32.61
4083,2023-06-28,32.61
4084,2023-06-29,32.6
4085,2023-06-30,32.61
4086,2023-07-01,32.62
4087,2023-07-02,32.62
4088,2023-07-03,32.62
4089,2023-07-04,32.59
4090,2023-07-05,32.6
4091,2023-07-06,32.62
4092,2023-07-07,32.6
4093,2023-07-08,32.59
4094,2023-07-09,32.6
4095,2023-07-10,32.58
4096,2023-07-11,32.57
4097,2023-07-12,32.58
4098,2023-07-13,32.56
4099,2023-07-14,32.56
4100,2023-07-15,32.57
4101,2023-07-16,32.56
4102,2023-07-17,32.55
4103,2023-07-18,32.54
4104,2023-07-19,32.54
4105,2023-07-20,32.53
4106,2023-07-21,32.55
4107,2023-07-22,32.55
4108,2023-07-23,32.55
4109,2023-07-24,32.55
4110,2023-07-25,32.55
4111,2023-07-26,32.57
4112,2023-07-27,32.57
4113,2023-07-28,32.58
4114,2023-07-29,32.59
4115,2023-07-30,32.59
4116,2023-07-31,32.59
4117,2023-08-01,32.63
4118,2023-08-02,32.65
4119,2023-08-03,32.66
4120,2023-08-04,32.68
4121,2023-08-05,32.71
4122,2023-08-06,32.7
4123,2023-08-07,32.69
4124,2023-08-08,32.68
4125,2023-08-09,32.67
4126,2023-08-10,32.67
4127,2023-08-11,32.67
4128,2023-08-12,32.67
4129,2023-08-13,32.67
4130,2023-08-14,32.66
4131,2023-08-15,32.66
4132,2023-08-16,32.65
4133,2023-08-17,32.65
4134,2023-08-18,32.64
4135,2023-08-19,32.64
4136,2023-08-20,32.64
4137,2023-08-21,32.63
4138,2023-08-22,32.63
4139,2023-08-23,32.62
4140,2023-08-24,32.62
4141,2023-08-25,32.66
4142,2023-08-26,32.66
4143,2023-08-27,32.65
4144,2023-08-28,32.65
4145,2023-08-29,32.65
4146,2023-08-30,32.65
4147,2023-08-31,32.64
4148,2023-09-01,32.65
4149,2023-09-02,32.65
4150,2023-09-03,32.64
4151,2023-09-04,32.64
4152,2023-09-05,32.69
4153,2023-09-06,32.67
4154,2023-09-07,32.67
4155,2023-09-08,32.66
4156,2023-09-09,32.66
4157,2023-09-10,32.65
4158,2023-09-11,32.65
4159,2023-09-12,32.65
4160,2023-09-13,32.67
4161,2023-09-14,32.67
4162,2023-09-15,32.67
4163,2023-09-16,32.67
4164,2023-09-17,32.67
4165,2023-09-18,32.68
4166,2023-09-19,32.68
4167,2023-09-20,32.68
4168,2023-09-21,32.68
4169,2023-09-22,32.74
4170,2023-09-23,32.74
4171,2023-09-24,32.73
4172,2023-09-25,32.73
4173,2023-09-26,32.72
4174,2023-09-27,32.72
4175,2023-09-28,32.71
4176,2023-09-29,32.72
4177,2023-09-30,32.71
4178,2023-10-01,32.71
4179,2023-10-02,32.71
4180,2023-10-03,32.7
4181,2023-10-04,32.7
4182,2023-10-05,32.7
4183,2023-10-06,32.7
4184,2023-10-07,32.7
4185,2023-10-08,32.69
4186,2023-10-09,32.69
4187,2023-10-10,32.69
4188,2023-10-11,32.69
4189,2023-10-12,32.69
4190,2023-10-13,32.7
4191,2023-10-14,32.68
4192,2023-10-15,32.69
4193,2023-10-16,32.69
4194,2023-10-17,32.69
4195,2023-10-18,32.7
4196,2023-10-19,32.71
4197,2023-10-20,32.71
4198,2023-10-21,32.71
4199,2023-10-22,32.72
4200,2023-10-23,32.72
4201,2023-10-24,32.74
4202,2023-10-25,32.75
4203,2023-10-26,32.76
4204,2023-10-27,32.78
4205,2023-10-28,32.77
4206,2023-10-29,32.78
4207,2023-10-30,32.77
4208,2023-10-31,32.78
4209,2023-11-01,32.78
4210,2023-11-02,32.8
4211,2023-11-03,32.78
4212,2023-11-04,32.78
4213,2023-11-05,32.79
4214,2023-11-06,32.79
4215,2023-11-07,32.78
4216,2023-11-08,32.78
4217,2023-11-09,32.79
4218,2023-11-10,32.8
4219,2023-11-11,32.79
4220,2023-11-12,32.8
4221,2023-11-13,32.8
4222,2023-11-14,32.8
4223,2023-11-15,32.8
4224,2023-11-16,32.81
4225,2023-11-17,32.83
4226,2023-11-18,32.83
4227,2023-11-19,32.86
4228,2023-11-20,32.85
4229,2023-11-21,32.85
4230,2023-11-22,32.84
4231,2023-11-23,32.84
4232,2023-11-24,32.85
4233,2023-11-25,32.84
4234,2023-11-26,32.84
4235,2023-11-27,32.85
4236,2023-11-28,32.85
4237,2023-11-29,32.85
4238,2023-11-30,32.85
4239,2023-12-01,32.85
0,2023-12-02,32.84
1,2023-12-03,32.83
